date,temperature,humidity,season,time_of_day,num_people,num_children,appliance_count,weekend,energy_kWh,hour,day_of_week,month
2025-08-13 00:00:00,27.9,68.5,Summer,Night,3,1,9,0,1.46,0,2,8
2024-09-19 16:00:00,20.6,59.3,Fall,Afternoon,3,2,11,0,1.46,16,3,9
2024-01-25 12:00:00,9.5,40.2,Winter,Afternoon,3,1,9,0,2.24,12,3,1
2024-09-11 04:00:00,7.7,54.0,Fall,Night,1,0,7,0,0.8,4,2,9
2025-08-28 08:00:00,27.1,69.2,Summer,Morning,1,0,6,0,1.68,8,3,8
2025-09-11 16:00:00,19.4,50.5,Fall,Afternoon,4,3,12,0,1.32,16,3,9
2025-03-20 00:00:00,10.0,60.0,Spring,Night,6,2,17,0,1.81,0,3,3
2025-08-06 08:00:00,23.6,74.9,Summer,Morning,3,2,13,0,3.95,8,2,8
2025-02-10 16:00:00,12.0,39.8,Winter,Afternoon,9,4,20,0,4.74,16,0,2
2024-01-07 00:00:00,-5.3,39.8,Winter,Night,5,1,18,1,8.06,0,6,1
2025-03-24 16:00:00,16.9,57.1,Spring,Afternoon,8,4,20,0,2.38,16,0,3
2024-08-12 16:00:00,32.7,58.9,Summer,Afternoon,3,0,9,0,2.99,16,0,8
2026-01-02 16:00:00,9.1,38.0,Winter,Afternoon,1,0,7,0,1.61,16,4,1
2024-04-20 08:00:00,12.0,57.2,Spring,Morning,8,3,19,1,5.62,8,5,4
2025-09-23 04:00:00,10.2,48.0,Fall,Night,3,0,13,0,1.33,4,1,9
2025-03-07 20:00:00,18.0,60.6,Spring,Evening,6,4,18,0,4.54,20,4,3
2024-11-02 20:00:00,13.4,64.3,Fall,Evening,4,1,15,1,4.52,20,5,11
2024-09-21 04:00:00,12.8,51.7,Fall,Night,3,0,9,1,1.03,4,5,9
2026-04-02 20:00:00,15.6,58.3,Spring,Evening,7,2,20,0,4.57,20,3,4
2024-12-19 04:00:00,2.1,48.0,Winter,Night,3,0,13,0,3.11,4,3,12
2024-04-14 08:00:00,17.8,56.5,Spring,Morning,2,1,10,1,1.8,8,6,4
2024-04-12 12:00:00,17.9,52.0,Spring,Afternoon,1,0,7,0,0.7,12,4,4
2024-10-17 04:00:00,15.6,53.6,Fall,Night,2,1,10,0,0.75,4,3,10
2024-10-29 00:00:00,12.7,56.9,Fall,Night,3,1,10,0,1.08,0,1,10
2024-01-25 00:00:00,-3.1,43.4,Winter,Night,5,0,18,0,6.27,0,3,1
2024-12-18 16:00:00,7.2,36.7,Winter,Afternoon,5,3,12,0,4.06,16,2,12
2024-12-29 04:00:00,5.2,40.9,Winter,Night,2,1,8,1,2.06,4,6,12
2025-08-04 20:00:00,28.5,66.7,Summer,Evening,8,4,20,0,13.52,20,0,8
2025-05-10 12:00:00,23.3,48.2,Spring,Afternoon,3,2,12,1,1.93,12,5,5
2024-06-07 20:00:00,29.3,65.0,Summer,Evening,1,0,7,0,2.8,20,4,6
2024-03-13 20:00:00,16.9,59.8,Spring,Evening,5,3,12,0,3.41,20,2,3
2025-01-08 12:00:00,9.8,33.5,Winter,Afternoon,4,2,12,0,3.2,12,2,1
2024-09-09 00:00:00,11.2,60.4,Fall,Night,9,4,20,0,2.3,0,0,9
2024-08-04 00:00:00,20.0,67.5,Summer,Night,5,4,13,1,1.63,0,6,8
2024-11-14 12:00:00,23.5,51.1,Fall,Afternoon,4,0,13,0,1.94,12,3,11
2025-08-13 04:00:00,19.0,76.6,Summer,Night,5,3,14,0,1.6,4,2,8
2025-10-31 12:00:00,14.2,49.0,Fall,Afternoon,3,2,11,0,1.28,12,4,10
2024-06-18 08:00:00,23.0,67.1,Summer,Morning,8,4,20,0,7.39,8,1,6
2025-06-12 16:00:00,27.5,64.9,Summer,Afternoon,4,0,13,0,3.38,16,3,6
2025-02-10 08:00:00,0.9,46.2,Winter,Morning,5,4,13,0,11.84,8,0,2
2024-07-23 16:00:00,33.0,75.4,Summer,Afternoon,5,0,18,0,5.81,16,1,7
2024-02-26 12:00:00,8.4,46.5,Winter,Afternoon,3,1,9,0,2.83,12,0,2
2024-07-30 04:00:00,20.2,70.0,Summer,Night,1,0,7,0,0.66,4,1,7
2025-04-17 16:00:00,20.6,50.4,Spring,Afternoon,6,3,16,0,1.98,16,3,4
2025-10-30 08:00:00,16.8,41.7,Fall,Morning,3,2,9,0,1.82,8,3,10
2026-03-21 20:00:00,8.8,52.0,Spring,Evening,4,3,13,1,4.87,20,5,3
2025-10-04 00:00:00,11.3,57.9,Fall,Night,9,4,20,1,2.86,0,5,10
2025-02-20 08:00:00,6.0,35.2,Winter,Morning,3,0,10,0,4.34,8,3,2
2026-02-09 20:00:00,5.3,38.2,Winter,Evening,3,1,13,0,7.19,20,0,2
2024-08-14 08:00:00,26.0,69.9,Summer,Morning,5,2,13,0,4.82,8,2,8
2024-06-30 20:00:00,30.0,73.8,Summer,Evening,3,2,9,1,6.23,20,6,6
2024-10-23 20:00:00,14.1,59.8,Fall,Evening,6,3,20,0,5.51,20,2,10
2025-01-19 08:00:00,8.1,36.9,Winter,Morning,6,1,14,1,7.57,8,6,1
2025-12-31 08:00:00,6.8,52.6,Winter,Morning,3,0,13,0,4.77,8,2,12
2025-02-03 00:00:00,3.1,50.7,Winter,Night,9,4,20,0,5.05,0,0,2
2024-10-31 08:00:00,11.6,63.0,Fall,Morning,8,4,20,0,6.58,8,3,10
2024-03-03 00:00:00,10.8,53.7,Spring,Night,7,4,20,1,2.55,0,6,3
2024-02-27 08:00:00,3.0,43.9,Winter,Morning,7,2,20,0,14.0,8,1,2
2026-02-15 20:00:00,1.7,39.8,Winter,Evening,3,2,9,1,9.46,20,6,2
2024-05-10 16:00:00,16.3,53.1,Spring,Afternoon,5,2,13,0,1.53,16,4,5
2024-02-21 04:00:00,-0.1,39.5,Winter,Night,1,0,7,0,1.92,4,2,2
2024-08-03 08:00:00,22.1,81.1,Summer,Morning,1,0,7,1,1.65,8,5,8
2025-07-25 04:00:00,23.8,76.2,Summer,Night,3,0,13,0,1.58,4,4,7
2025-04-03 08:00:00,11.7,48.0,Spring,Morning,5,0,13,0,2.37,8,3,4
2025-05-18 08:00:00,13.6,61.8,Spring,Morning,8,4,20,1,5.83,8,6,5
2025-12-10 20:00:00,3.7,38.5,Winter,Evening,8,4,20,0,18.24,20,2,12
2024-06-15 08:00:00,25.3,63.5,Summer,Morning,7,4,20,1,8.77,8,5,6
2025-10-06 20:00:00,18.4,52.0,Fall,Evening,8,3,17,0,4.88,20,0,10
2024-08-27 04:00:00,23.1,77.7,Summer,Night,3,0,13,0,1.57,4,1,8
2025-10-02 20:00:00,13.2,57.8,Fall,Evening,4,1,16,0,3.8,20,3,10
2025-10-01 12:00:00,18.2,54.8,Fall,Afternoon,3,0,9,0,1.03,12,2,10
2024-03-24 20:00:00,16.3,46.9,Spring,Evening,7,3,17,1,5.31,20,6,3
2024-10-31 04:00:00,8.3,57.7,Fall,Night,8,4,20,0,2.62,4,3,10
2026-04-02 12:00:00,24.7,51.3,Spring,Afternoon,3,0,13,0,1.7,12,3,4
2025-10-18 12:00:00,20.0,50.6,Fall,Afternoon,9,4,20,1,3.23,12,5,10
2024-07-02 20:00:00,25.4,62.9,Summer,Evening,7,2,20,0,8.6,20,1,7
2026-01-28 00:00:00,3.7,35.5,Winter,Night,5,0,13,0,3.39,0,2,1
2024-08-31 12:00:00,34.2,69.2,Summer,Afternoon,7,2,20,1,8.84,12,5,8
2025-09-10 16:00:00,14.3,50.9,Fall,Afternoon,8,4,20,0,2.77,16,2,9
2025-03-14 12:00:00,22.6,43.3,Spring,Afternoon,8,4,20,0,2.64,12,4,3
2025-01-15 08:00:00,9.0,41.9,Winter,Morning,6,1,14,0,5.99,8,2,1
2025-12-01 12:00:00,1.7,32.5,Winter,Afternoon,7,2,20,0,8.49,12,0,12
2024-03-15 16:00:00,22.0,52.5,Spring,Afternoon,5,1,14,0,1.74,16,4,3
2026-02-14 04:00:00,1.4,40.6,Winter,Night,5,4,13,1,4.51,4,5,2
2025-03-25 20:00:00,15.2,51.3,Spring,Evening,5,2,13,0,3.53,20,1,3
2025-01-01 04:00:00,0.2,44.5,Winter,Night,4,2,11,0,3.1,4,2,1
2025-05-25 20:00:00,14.6,64.5,Spring,Evening,5,4,13,1,5.16,20,6,5
2025-02-09 20:00:00,2.3,43.2,Winter,Evening,9,4,20,1,24.47,20,6,2
2025-05-25 12:00:00,14.2,64.1,Spring,Afternoon,6,2,20,1,3.07,12,6,5
2024-10-06 04:00:00,11.1,55.5,Fall,Night,6,2,20,1,2.52,4,6,10
2024-03-18 16:00:00,16.9,53.7,Spring,Afternoon,3,2,12,0,1.26,16,0,3
2024-06-30 08:00:00,27.7,68.9,Summer,Morning,7,2,20,1,9.87,8,6,6
2025-01-26 16:00:00,9.7,30.4,Winter,Afternoon,7,4,20,1,6.41,16,6,1
2025-05-09 04:00:00,13.5,59.2,Spring,Night,3,2,13,0,0.96,4,4,5
2024-09-27 20:00:00,15.6,34.5,Fall,Evening,3,1,11,0,2.27,20,4,9
2025-10-10 12:00:00,22.4,45.4,Fall,Afternoon,8,3,20,0,3.39,12,4,10
2025-01-07 16:00:00,9.6,40.2,Winter,Afternoon,5,1,12,0,3.36,16,1,1
2025-01-14 00:00:00,0.5,48.6,Winter,Night,5,1,18,0,4.91,0,1,1
2024-05-10 00:00:00,7.8,60.6,Spring,Night,6,2,20,0,2.24,0,4,5
2024-01-30 04:00:00,3.2,41.5,Winter,Night,7,3,17,0,4.39,4,1,1
2026-03-17 04:00:00,10.8,50.8,Spring,Night,3,1,11,0,1.08,4,1,3
2024-08-14 20:00:00,23.9,75.4,Summer,Evening,5,2,13,0,5.75,20,2,8
2025-06-06 04:00:00,19.9,75.6,Summer,Night,8,3,18,0,2.01,4,4,6
2025-03-10 16:00:00,19.3,49.7,Spring,Afternoon,1,0,7,0,0.69,16,0,3
2024-07-07 12:00:00,34.2,65.6,Summer,Afternoon,6,2,17,1,7.36,12,6,7
2026-02-23 20:00:00,2.7,41.9,Winter,Evening,3,1,10,0,6.58,20,0,2
2024-10-18 20:00:00,14.1,55.4,Fall,Evening,4,1,12,0,2.96,20,4,10
2024-11-02 00:00:00,6.5,64.2,Fall,Night,3,1,11,1,1.76,0,5,11
2025-02-26 08:00:00,8.1,41.0,Winter,Morning,8,4,20,0,11.97,8,2,2
2024-02-23 12:00:00,7.8,42.2,Winter,Afternoon,9,4,20,0,6.85,12,4,2
2026-02-24 00:00:00,-3.0,39.5,Winter,Night,3,0,13,0,4.49,0,1,2
2024-05-30 20:00:00,13.0,59.6,Spring,Evening,5,3,14,0,4.0,20,3,5
2024-04-25 04:00:00,8.5,53.9,Spring,Night,7,3,20,0,2.21,4,3,4
2024-12-16 08:00:00,2.9,43.3,Winter,Morning,4,1,15,0,8.01,8,0,12
2025-06-08 16:00:00,26.7,75.6,Summer,Afternoon,4,1,12,1,3.3,16,6,6
2025-04-05 00:00:00,3.5,56.8,Spring,Night,3,0,9,1,1.66,0,5,4
2025-03-28 00:00:00,14.4,62.2,Spring,Night,5,0,13,0,1.12,0,4,3
2025-08-26 16:00:00,27.3,77.1,Summer,Afternoon,6,3,19,0,4.5,16,1,8
2025-11-01 16:00:00,25.0,46.2,Fall,Afternoon,4,2,15,1,2.76,16,5,11
2025-04-06 20:00:00,18.7,57.5,Spring,Evening,4,1,14,1,2.98,20,6,4
2025-03-10 20:00:00,17.9,56.0,Spring,Evening,3,1,9,0,1.79,20,0,3
2024-03-16 20:00:00,12.0,48.0,Spring,Evening,5,2,13,1,4.63,20,5,3
2025-06-24 20:00:00,25.4,71.2,Summer,Evening,7,2,20,0,8.72,20,1,6
2024-05-29 08:00:00,14.0,60.0,Spring,Morning,5,2,14,0,2.79,8,2,5
2024-07-27 20:00:00,24.0,77.0,Summer,Evening,1,0,7,1,2.47,20,5,7
2026-02-11 08:00:00,3.7,35.9,Winter,Morning,8,4,20,0,14.61,8,2,2
2024-06-03 00:00:00,18.4,69.6,Summer,Night,5,4,17,0,1.77,0,0,6
2025-09-19 12:00:00,17.1,58.1,Fall,Afternoon,2,0,10,0,1.07,12,4,9
2025-04-05 04:00:00,5.1,66.6,Spring,Night,5,0,17,1,2.66,4,5,4
2025-12-29 16:00:00,7.8,33.5,Winter,Afternoon,9,4,20,0,6.74,16,0,12
2026-01-10 04:00:00,-5.9,41.3,Winter,Night,6,1,16,1,7.51,4,5,1
2026-04-08 16:00:00,20.8,56.6,Spring,Afternoon,6,3,19,0,2.14,16,2,4
2025-03-27 20:00:00,13.6,65.2,Spring,Evening,1,0,7,0,1.4,20,3,3
2025-10-29 16:00:00,22.5,40.6,Fall,Afternoon,5,1,14,0,1.93,16,2,10
2025-03-29 12:00:00,25.3,50.5,Spring,Afternoon,3,2,11,1,1.83,12,5,3
2024-08-25 08:00:00,23.8,72.9,Summer,Morning,8,4,17,1,8.02,8,6,8
2024-01-18 04:00:00,-8.2,40.9,Winter,Night,6,1,14,0,6.78,4,3,1
2025-05-23 20:00:00,11.6,48.8,Spring,Evening,4,2,15,0,4.25,20,4,5
2026-04-12 00:00:00,9.8,55.8,Spring,Night,3,2,11,1,1.22,0,6,4
2025-09-11 20:00:00,11.2,49.5,Fall,Evening,1,0,7,0,1.67,20,3,9
2026-02-01 04:00:00,6.2,41.7,Winter,Night,4,2,15,1,3.52,4,6,2
2025-04-26 12:00:00,23.0,49.3,Spring,Afternoon,6,3,14,1,2.21,12,5,4
2025-03-02 08:00:00,13.7,57.1,Spring,Morning,5,3,13,1,3.57,8,6,3
2025-07-30 00:00:00,21.7,69.0,Summer,Night,7,3,20,0,2.58,0,2,7
2024-03-30 00:00:00,10.4,62.3,Spring,Night,8,4,20,1,2.44,0,5,3
2024-12-23 12:00:00,10.3,39.1,Winter,Afternoon,4,3,13,0,3.35,12,0,12
2024-12-02 20:00:00,6.6,36.2,Winter,Evening,5,2,13,0,9.07,20,0,12
2024-11-25 04:00:00,12.5,54.3,Fall,Night,3,0,9,0,0.89,4,0,11
2025-10-09 00:00:00,12.2,60.7,Fall,Night,4,2,13,0,1.23,0,3,10
2024-11-10 16:00:00,25.2,60.4,Fall,Afternoon,5,4,17,1,3.17,16,6,11
2025-11-17 04:00:00,9.6,49.9,Fall,Night,6,2,17,0,2.07,4,0,11
2024-05-30 12:00:00,19.7,62.0,Spring,Afternoon,5,3,14,0,1.51,12,3,5
2025-11-07 12:00:00,19.9,57.2,Fall,Afternoon,5,2,13,0,1.61,12,4,11
2026-02-19 12:00:00,4.6,35.1,Winter,Afternoon,6,3,20,0,6.67,12,3,2
2024-02-18 16:00:00,11.8,36.9,Winter,Afternoon,3,1,9,1,2.73,16,6,2
2024-05-01 08:00:00,17.1,64.0,Spring,Morning,6,4,19,0,3.58,8,2,5
2024-11-30 08:00:00,14.9,57.8,Fall,Morning,8,3,20,1,5.99,8,5,11
2024-01-11 08:00:00,4.9,34.3,Winter,Morning,5,1,14,0,7.06,8,3,1
2025-09-10 08:00:00,17.4,70.1,Fall,Morning,6,1,15,0,2.99,8,2,9
2024-03-06 16:00:00,24.1,52.6,Spring,Afternoon,9,4,19,0,2.79,16,2,3
2024-07-13 20:00:00,26.8,67.9,Summer,Evening,3,0,10,1,4.44,20,5,7
2024-06-05 12:00:00,30.5,73.9,Summer,Afternoon,4,2,15,0,4.09,12,2,6
2024-07-17 20:00:00,27.7,72.6,Summer,Evening,8,4,20,0,11.03,20,2,7
2025-08-07 20:00:00,26.7,78.3,Summer,Evening,6,4,16,0,9.29,20,3,8
2026-01-30 20:00:00,2.6,36.2,Winter,Evening,5,2,13,0,11.41,20,4,1
2024-08-29 20:00:00,28.3,66.9,Summer,Evening,7,4,17,0,11.38,20,3,8
2024-06-20 00:00:00,24.6,65.6,Summer,Night,5,1,18,0,2.28,0,3,6
2025-10-26 08:00:00,16.0,58.8,Fall,Morning,4,2,11,1,2.54,8,6,10
2025-01-02 04:00:00,-0.0,48.6,Winter,Night,4,1,14,0,3.87,4,3,1
2024-05-25 08:00:00,13.1,59.9,Spring,Morning,2,0,9,1,1.73,8,5,5
2024-02-11 08:00:00,5.6,48.4,Winter,Morning,6,1,19,1,10.87,8,6,2
2024-01-13 08:00:00,2.3,35.2,Winter,Morning,8,3,20,1,16.99,8,5,1
2026-01-29 16:00:00,6.1,33.3,Winter,Afternoon,6,1,15,0,5.34,16,3,1
2024-02-06 16:00:00,10.4,33.0,Winter,Afternoon,6,1,15,0,3.84,16,1,2
2025-08-15 08:00:00,28.4,76.6,Summer,Morning,5,4,13,0,6.12,8,4,8
2025-10-09 16:00:00,20.5,58.3,Fall,Afternoon,4,2,15,0,1.78,16,3,10
2025-01-16 00:00:00,0.0,39.8,Winter,Night,5,0,12,0,4.09,0,3,1
2025-09-06 04:00:00,9.7,50.0,Fall,Night,5,4,13,1,1.93,4,5,9
2024-01-01 08:00:00,10.6,46.5,Winter,Morning,6,1,19,0,7.55,8,0,1
2025-07-22 04:00:00,21.1,73.1,Summer,Night,6,4,18,0,1.83,4,1,7
2025-06-21 08:00:00,27.7,66.8,Summer,Morning,8,4,20,1,10.81,8,5,6
2024-08-04 08:00:00,20.6,66.1,Summer,Morning,7,3,20,1,7.34,8,6,8
2026-02-09 16:00:00,10.3,34.1,Winter,Afternoon,4,1,11,0,2.93,16,0,2
2024-06-27 00:00:00,17.9,75.5,Summer,Night,5,0,18,0,1.78,0,3,6
2024-09-07 16:00:00,16.3,53.1,Fall,Afternoon,4,3,12,1,1.92,16,5,9
2025-09-07 20:00:00,13.5,52.8,Fall,Evening,5,4,13,1,5.54,20,6,9
2025-09-01 16:00:00,18.4,55.0,Fall,Afternoon,4,2,11,0,1.43,16,0,9
2025-03-16 08:00:00,16.5,41.0,Spring,Morning,8,4,20,1,5.53,8,6,3
2024-09-06 08:00:00,16.1,52.2,Fall,Morning,3,1,13,0,2.23,8,4,9
2024-02-22 04:00:00,1.2,44.7,Winter,Night,4,1,15,0,3.88,4,3,2
2024-03-26 12:00:00,23.7,53.6,Spring,Afternoon,4,1,14,0,1.71,12,1,3
2025-12-25 12:00:00,10.1,35.7,Winter,Afternoon,8,4,20,0,5.27,12,3,12
2024-01-06 12:00:00,13.1,44.3,Winter,Afternoon,8,3,20,1,5.3,12,5,1
2025-10-18 20:00:00,12.9,59.0,Fall,Evening,7,2,20,1,7.63,20,5,10
2025-12-06 20:00:00,10.4,34.3,Winter,Evening,7,4,20,1,14.89,20,5,12
2025-08-08 12:00:00,31.5,83.7,Summer,Afternoon,4,0,13,0,4.29,12,4,8
2025-11-26 04:00:00,9.6,61.5,Fall,Night,5,0,13,0,1.57,4,2,11
2024-06-20 16:00:00,29.4,57.9,Summer,Afternoon,9,4,20,0,5.9,16,3,6
2024-12-06 12:00:00,7.4,41.1,Winter,Afternoon,4,2,11,0,3.32,12,4,12
2024-05-28 16:00:00,18.0,66.8,Spring,Afternoon,6,3,20,0,1.97,16,1,5
2026-02-04 04:00:00,4.7,45.2,Winter,Night,5,2,18,0,3.98,4,2,2
2024-12-22 20:00:00,5.5,41.1,Winter,Evening,7,4,20,1,18.98,20,6,12
2024-01-07 16:00:00,13.1,36.3,Winter,Afternoon,4,1,11,1,2.94,16,6,1
2025-02-07 00:00:00,-1.2,48.3,Winter,Night,4,2,15,0,4.73,0,4,2
2025-09-30 08:00:00,7.6,55.0,Fall,Morning,7,2,20,0,6.54,8,1,9
2025-04-04 12:00:00,16.2,50.4,Spring,Afternoon,4,2,15,0,1.71,12,4,4
2025-05-26 16:00:00,22.1,48.8,Spring,Afternoon,6,2,20,0,2.72,16,0,5
2025-02-28 20:00:00,5.6,42.3,Winter,Evening,3,2,13,0,8.2,20,4,2
2024-11-23 16:00:00,19.4,58.4,Fall,Afternoon,9,4,20,1,3.37,16,5,11
2025-12-11 08:00:00,1.3,42.2,Winter,Morning,6,3,20,0,15.74,8,3,12
2024-06-24 20:00:00,24.5,58.5,Summer,Evening,4,2,15,0,6.12,20,0,6
2025-03-18 00:00:00,11.5,56.7,Spring,Night,9,4,20,0,2.16,0,1,3
2024-10-11 16:00:00,21.3,56.6,Fall,Afternoon,2,1,10,0,1.2,16,4,10
2025-08-23 16:00:00,29.5,61.3,Summer,Afternoon,2,1,10,1,3.06,16,5,8
2024-04-28 20:00:00,13.8,61.3,Spring,Evening,6,4,18,1,6.14,20,6,4
2024-01-11 12:00:00,15.1,30.0,Winter,Afternoon,4,0,15,0,2.78,12,3,1
2025-04-21 00:00:00,6.2,53.9,Spring,Night,4,0,12,0,1.47,0,0,4
2025-07-17 00:00:00,23.9,66.9,Summer,Night,7,3,17,0,2.09,0,3,7
2025-02-17 12:00:00,7.7,40.5,Winter,Afternoon,5,3,12,0,3.66,12,0,2
2025-12-19 20:00:00,2.1,42.1,Winter,Evening,3,2,10,0,8.09,20,4,12
2024-02-07 12:00:00,8.2,32.9,Winter,Afternoon,6,2,16,0,4.7,12,2,2
2024-02-24 16:00:00,6.1,30.0,Winter,Afternoon,3,2,10,1,3.9,16,5,2
2024-10-08 16:00:00,20.7,56.9,Fall,Afternoon,7,3,20,0,2.53,16,1,10
2025-02-21 04:00:00,4.0,45.8,Winter,Night,8,4,20,0,4.6,4,4,2
2025-08-20 00:00:00,19.3,70.9,Summer,Night,7,4,16,0,1.83,0,2,8
2025-03-27 00:00:00,12.9,57.7,Spring,Night,5,0,13,0,1.18,0,3,3
2025-02-21 12:00:00,10.4,35.8,Winter,Afternoon,7,2,20,0,5.18,12,4,2
2024-06-14 20:00:00,28.8,67.9,Summer,Evening,7,4,20,0,11.72,20,4,6
2025-10-28 08:00:00,14.6,49.6,Fall,Morning,4,0,11,0,2.12,8,1,10
2025-05-18 20:00:00,11.7,67.8,Spring,Evening,2,0,9,1,2.5,20,6,5
2026-01-25 12:00:00,9.2,41.8,Winter,Afternoon,7,4,20,1,6.84,12,6,1
2025-07-20 20:00:00,25.3,74.6,Summer,Evening,6,4,18,1,10.93,20,6,7
2025-01-22 08:00:00,6.4,44.9,Winter,Morning,4,1,15,0,6.69,8,2,1
2025-03-07 00:00:00,11.8,52.5,Spring,Night,5,1,14,0,1.22,0,4,3
2024-09-11 08:00:00,11.4,68.7,Fall,Morning,1,0,7,0,1.25,8,2,9
2025-09-07 16:00:00,14.3,59.2,Fall,Afternoon,3,2,12,1,1.89,16,6,9
2024-04-18 16:00:00,18.5,57.0,Spring,Afternoon,7,4,20,0,2.11,16,3,4
2025-08-04 04:00:00,20.1,67.3,Summer,Night,5,0,17,0,1.87,4,0,8
2024-01-16 20:00:00,1.8,39.7,Winter,Evening,6,4,18,0,19.02,20,1,1
2024-10-31 16:00:00,14.3,51.9,Fall,Afternoon,2,0,10,0,1.31,16,3,10
2025-08-05 16:00:00,31.9,71.2,Summer,Afternoon,6,1,19,0,6.42,16,1,8
2024-07-25 12:00:00,27.9,71.7,Summer,Afternoon,5,0,13,0,3.34,12,3,7
2024-04-03 16:00:00,21.9,46.1,Spring,Afternoon,6,4,18,0,1.97,16,2,4
2025-07-26 08:00:00,24.8,64.0,Summer,Morning,1,0,7,1,2.05,8,5,7
2024-02-16 12:00:00,5.6,33.3,Winter,Afternoon,4,0,12,0,4.23,12,4,2
2024-01-23 08:00:00,1.2,41.2,Winter,Morning,6,4,16,0,13.74,8,1,1
2024-04-26 04:00:00,16.5,56.0,Spring,Night,6,3,20,0,1.41,4,4,4
2025-02-04 20:00:00,8.7,41.9,Winter,Evening,3,0,10,0,4.43,20,1,2
2025-02-27 04:00:00,0.9,38.8,Winter,Night,5,0,12,0,3.56,4,3,2
2024-10-22 20:00:00,16.1,65.6,Fall,Evening,5,4,13,0,4.26,20,1,10
2025-10-15 12:00:00,19.7,54.6,Fall,Afternoon,4,0,11,0,1.47,12,2,10
2025-05-24 12:00:00,18.0,58.0,Spring,Afternoon,5,2,13,1,1.64,12,5,5
2025-11-04 00:00:00,3.7,59.8,Fall,Night,7,4,20,0,3.22,0,1,11
2025-06-04 04:00:00,23.3,71.5,Summer,Night,3,0,13,0,1.73,4,2,6
2026-02-07 08:00:00,-0.5,39.0,Winter,Morning,6,3,19,1,18.28,8,5,2
2025-07-08 00:00:00,22.2,69.4,Summer,Night,7,2,20,0,2.36,0,1,7
2024-04-28 08:00:00,14.8,49.5,Spring,Morning,3,1,9,1,1.83,8,6,4
2024-08-05 12:00:00,32.8,59.8,Summer,Afternoon,6,1,20,0,6.44,12,0,8
2024-07-15 20:00:00,30.1,65.8,Summer,Evening,2,0,8,0,3.43,20,0,7
2024-02-29 20:00:00,2.4,46.7,Winter,Evening,8,4,20,0,19.82,20,3,2
2025-04-02 00:00:00,13.5,50.8,Spring,Night,6,4,18,0,1.56,0,2,4
2024-10-05 00:00:00,12.9,47.5,Fall,Night,6,2,17,1,2.05,0,5,10
2025-05-29 08:00:00,13.5,62.9,Spring,Morning,8,4,20,0,4.93,8,3,5
2024-08-30 08:00:00,23.1,70.0,Summer,Morning,5,1,14,0,3.99,8,4,8
2024-12-25 04:00:00,0.2,46.0,Winter,Night,8,3,20,0,6.34,4,2,12
2025-09-20 00:00:00,6.9,55.5,Fall,Night,6,3,19,1,3.23,0,5,9
2024-12-26 12:00:00,1.1,36.1,Winter,Afternoon,6,3,16,0,7.23,12,3,12
2025-03-15 16:00:00,19.1,54.5,Spring,Afternoon,6,1,15,1,2.29,16,5,3
2025-12-06 12:00:00,6.8,31.7,Winter,Afternoon,8,3,20,1,7.73,12,5,12
2024-09-02 08:00:00,13.7,61.6,Fall,Morning,9,4,19,0,5.5,8,0,9
2024-05-18 16:00:00,19.8,67.3,Spring,Afternoon,7,2,20,1,2.89,16,5,5
2025-02-05 08:00:00,3.5,31.0,Winter,Morning,8,3,18,0,12.61,8,2,2
2024-10-03 12:00:00,23.3,48.4,Fall,Afternoon,7,3,20,0,3.14,12,3,10
2025-07-20 16:00:00,31.1,71.6,Summer,Afternoon,4,3,16,1,5.56,16,6,7
2024-12-08 08:00:00,1.8,39.8,Winter,Morning,7,4,20,1,19.32,8,6,12
2024-10-05 20:00:00,18.2,56.5,Fall,Evening,8,3,20,1,6.76,20,5,10
2024-05-17 08:00:00,11.8,53.7,Spring,Morning,4,1,15,0,3.21,8,4,5
2025-05-08 16:00:00,19.5,54.6,Spring,Afternoon,5,0,18,0,1.99,16,3,5
2024-10-30 04:00:00,10.0,56.9,Fall,Night,2,0,8,0,0.86,4,2,10
2025-11-09 00:00:00,7.9,54.8,Fall,Night,7,2,16,1,2.6,0,6,11
2026-03-31 12:00:00,17.7,54.3,Spring,Afternoon,6,2,20,0,2.16,12,1,3
2025-11-29 04:00:00,4.2,56.7,Fall,Night,3,0,13,1,2.29,4,5,11
2024-05-06 08:00:00,16.1,54.9,Spring,Morning,5,3,13,0,2.95,8,0,5
2024-12-10 08:00:00,3.6,31.6,Winter,Morning,6,2,20,0,11.83,8,1,12
2025-02-11 12:00:00,11.2,39.4,Winter,Afternoon,4,0,12,0,2.88,12,1,2
2025-07-21 04:00:00,22.3,65.0,Summer,Night,4,0,11,0,1.39,4,0,7
2024-12-15 20:00:00,5.8,51.4,Winter,Evening,3,2,13,1,9.43,20,6,12
2024-06-21 08:00:00,23.2,71.0,Summer,Morning,3,1,12,0,3.16,8,4,6
2024-06-17 16:00:00,28.4,77.5,Summer,Afternoon,6,3,20,0,5.0,16,0,6
2026-02-06 00:00:00,0.7,40.8,Winter,Night,7,2,20,0,5.82,0,4,2
2024-06-06 04:00:00,23.1,72.5,Summer,Night,2,1,8,0,0.98,4,3,6
2025-01-09 20:00:00,2.5,42.9,Winter,Evening,8,4,18,0,17.66,20,3,1
2025-08-27 12:00:00,32.4,66.0,Summer,Afternoon,1,0,7,0,1.76,12,2,8
2024-06-23 12:00:00,25.3,79.2,Summer,Afternoon,3,1,9,1,2.23,12,6,6
2024-04-05 20:00:00,10.4,55.1,Spring,Evening,6,1,19,0,5.15,20,4,4
2025-11-11 20:00:00,14.1,54.0,Fall,Evening,4,2,11,0,2.92,20,1,11
2024-03-28 00:00:00,11.9,50.1,Spring,Night,7,2,20,0,1.92,0,3,3
2025-04-21 12:00:00,13.6,56.4,Spring,Afternoon,3,2,12,0,1.39,12,0,4
2025-11-25 12:00:00,21.4,51.4,Fall,Afternoon,3,1,13,0,1.63,12,1,11
2025-11-14 16:00:00,17.2,56.7,Fall,Afternoon,7,3,17,0,2.22,16,4,11
2024-04-12 16:00:00,13.3,47.1,Spring,Afternoon,9,4,19,0,2.67,16,4,4
2026-02-02 08:00:00,8.0,42.9,Winter,Morning,6,1,16,0,6.71,8,0,2
2024-03-20 08:00:00,15.4,51.7,Spring,Morning,4,3,12,0,2.43,8,2,3
2024-08-06 20:00:00,22.2,73.2,Summer,Evening,7,2,20,0,7.53,20,1,8
2025-05-14 08:00:00,17.4,59.4,Spring,Morning,4,1,13,0,1.97,8,2,5
2024-08-01 16:00:00,30.1,57.5,Summer,Afternoon,1,0,7,0,1.64,16,3,8
2025-12-24 16:00:00,13.1,37.3,Winter,Afternoon,7,4,20,0,4.71,16,2,12
2026-01-18 04:00:00,0.5,49.7,Winter,Night,5,4,17,1,5.21,4,6,1
2025-07-20 00:00:00,19.6,66.3,Summer,Night,3,1,13,1,1.46,0,6,7
2024-06-17 08:00:00,26.2,73.0,Summer,Morning,9,4,20,0,9.62,8,0,6
2024-01-19 20:00:00,4.4,34.4,Winter,Evening,2,0,10,0,5.68,20,4,1
2025-10-27 04:00:00,9.8,54.6,Fall,Night,6,4,18,0,2.05,4,0,10
2024-12-19 16:00:00,4.9,41.4,Winter,Afternoon,6,1,17,0,6.36,16,3,12
2024-07-14 16:00:00,32.7,60.7,Summer,Afternoon,8,4,20,1,8.43,16,6,7
2024-02-03 08:00:00,5.1,39.5,Winter,Morning,4,3,13,1,8.74,8,5,2
2025-10-29 00:00:00,13.2,53.9,Fall,Night,1,0,7,0,0.63,0,2,10
2025-07-01 04:00:00,17.5,68.9,Summer,Night,7,2,20,0,2.23,4,1,7
2024-04-30 16:00:00,19.7,47.6,Spring,Afternoon,4,3,13,0,1.32,16,1,4
2024-02-03 20:00:00,0.4,38.7,Winter,Evening,3,0,9,1,8.45,20,5,2
2025-02-18 08:00:00,0.2,33.8,Winter,Morning,7,4,20,0,17.17,8,1,2
2024-10-17 16:00:00,24.2,59.9,Fall,Afternoon,3,1,11,0,1.57,16,3,10
2026-03-31 08:00:00,16.0,49.6,Spring,Morning,6,2,20,0,3.52,8,1,3
2024-11-07 20:00:00,14.1,54.0,Fall,Evening,2,1,10,0,2.26,20,3,11
2026-01-02 12:00:00,6.1,33.6,Winter,Afternoon,4,2,13,0,4.16,12,4,1
2026-03-22 20:00:00,16.2,59.8,Spring,Evening,6,4,18,1,5.86,20,6,3
2024-11-28 04:00:00,7.7,61.7,Fall,Night,3,1,10,0,1.25,4,3,11
2025-12-29 12:00:00,5.8,36.7,Winter,Afternoon,1,0,7,0,1.92,12,0,12
2024-09-07 08:00:00,13.4,45.7,Fall,Morning,1,0,7,1,1.47,8,5,9
2025-08-12 04:00:00,19.9,83.7,Summer,Night,4,2,15,0,1.63,4,1,8
2025-02-13 04:00:00,-0.9,46.9,Winter,Night,5,4,13,0,4.28,4,3,2
2024-02-29 12:00:00,11.9,30.4,Winter,Afternoon,4,0,11,0,2.73,12,3,2
2024-07-11 16:00:00,28.8,74.6,Summer,Afternoon,5,3,13,0,3.31,16,3,7
2024-03-24 16:00:00,16.7,53.8,Spring,Afternoon,6,4,18,1,2.32,16,6,3
2025-05-01 00:00:00,10.2,54.9,Spring,Night,5,4,17,0,1.83,0,3,5
2025-08-23 08:00:00,27.2,71.0,Summer,Morning,6,1,15,1,6.53,8,5,8
2024-05-08 20:00:00,11.8,58.4,Spring,Evening,4,2,12,0,3.43,20,2,5
2025-06-07 20:00:00,22.0,69.2,Summer,Evening,4,2,11,1,4.5,20,5,6
2025-04-29 00:00:00,9.5,53.6,Spring,Night,5,3,13,0,1.48,0,1,4
2024-04-09 20:00:00,15.6,56.4,Spring,Evening,9,4,20,0,6.1,20,1,4
2025-10-08 08:00:00,11.3,62.6,Fall,Morning,7,4,16,0,5.42,8,2,10
2025-11-05 08:00:00,14.9,61.3,Fall,Morning,4,2,15,0,3.01,8,2,11
2024-02-07 00:00:00,1.1,40.0,Winter,Night,5,1,13,0,3.62,0,2,2
2025-04-12 12:00:00,18.7,57.3,Spring,Afternoon,1,0,7,1,0.72,12,5,4
2025-08-31 20:00:00,24.1,65.7,Summer,Evening,6,2,20,1,10.2,20,6,8
2024-07-29 08:00:00,23.2,64.5,Summer,Morning,4,1,15,0,4.18,8,0,7
2024-06-24 08:00:00,23.3,84.9,Summer,Morning,3,2,10,0,2.82,8,0,6
2024-11-12 16:00:00,23.7,49.4,Fall,Afternoon,5,4,13,0,2.08,16,1,11
2025-05-07 20:00:00,19.9,55.6,Spring,Evening,1,0,7,0,1.09,20,2,5
2024-06-14 12:00:00,33.6,67.1,Summer,Afternoon,7,4,17,0,6.06,12,4,6
2025-12-25 16:00:00,10.7,42.4,Winter,Afternoon,6,1,19,0,4.77,16,3,12
2025-06-09 00:00:00,24.4,69.3,Summer,Night,6,4,19,0,2.69,0,0,6
2024-01-09 00:00:00,3.5,44.1,Winter,Night,3,0,10,0,2.23,0,1,1
2024-02-11 12:00:00,11.8,39.0,Winter,Afternoon,5,4,13,1,3.64,12,6,2
2024-03-15 04:00:00,7.9,60.7,Spring,Night,4,3,13,0,1.47,4,4,3
2025-07-30 16:00:00,24.5,64.3,Summer,Afternoon,5,1,12,0,2.89,16,2,7
2024-05-11 04:00:00,14.1,52.0,Spring,Night,7,4,17,1,1.81,4,5,5
2025-12-11 04:00:00,4.4,45.3,Winter,Night,6,4,20,0,4.88,4,3,12
2026-01-07 04:00:00,1.8,49.4,Winter,Night,6,4,16,0,4.57,4,2,1
2025-12-23 12:00:00,10.4,42.0,Winter,Afternoon,6,1,15,0,4.06,12,1,12
2024-06-27 12:00:00,31.9,67.5,Summer,Afternoon,8,4,20,0,6.25,12,3,6
2024-05-31 00:00:00,9.3,56.0,Spring,Night,8,3,20,0,2.32,0,4,5
2025-10-02 00:00:00,15.2,46.3,Fall,Night,3,0,10,0,0.86,0,3,10
2024-07-24 12:00:00,31.3,72.4,Summer,Afternoon,7,2,20,0,5.87,12,2,7
2024-01-15 16:00:00,11.9,43.4,Winter,Afternoon,3,2,10,0,2.24,16,0,1
2024-10-25 00:00:00,16.9,61.0,Fall,Night,6,1,14,0,1.18,0,4,10
2024-12-28 12:00:00,7.5,38.6,Winter,Afternoon,7,2,20,1,7.03,12,5,12
2024-10-07 04:00:00,1.5,63.9,Fall,Night,3,0,9,0,1.66,4,0,10
2024-10-08 08:00:00,18.4,60.7,Fall,Morning,6,3,20,0,3.93,8,1,10
2025-02-07 12:00:00,5.0,41.0,Winter,Afternoon,5,1,12,0,4.91,12,4,2
2024-07-06 12:00:00,28.6,74.2,Summer,Afternoon,8,4,18,1,6.22,12,5,7
2025-01-07 04:00:00,-0.5,46.6,Winter,Night,5,1,18,0,5.6,4,1,1
2025-06-26 04:00:00,19.3,70.8,Summer,Night,3,1,9,0,0.99,4,3,6
2024-03-17 20:00:00,17.6,61.1,Spring,Evening,4,2,15,1,3.62,20,6,3
2025-09-12 00:00:00,15.4,55.8,Fall,Night,4,2,15,0,1.18,0,4,9
2025-09-22 04:00:00,9.6,41.4,Fall,Night,5,3,14,0,1.76,4,0,9
2026-04-09 08:00:00,14.8,63.3,Spring,Morning,7,2,20,0,3.85,8,3,4
2024-07-14 20:00:00,29.0,69.3,Summer,Evening,2,0,8,1,4.13,20,6,7
2025-12-14 04:00:00,3.1,42.5,Winter,Night,4,2,12,1,3.73,4,6,12
2024-10-25 04:00:00,12.1,57.1,Fall,Night,4,0,12,0,1.27,4,4,10
2024-08-23 12:00:00,30.6,67.4,Summer,Afternoon,5,1,13,0,3.82,12,4,8
2024-12-25 20:00:00,9.4,48.2,Winter,Evening,4,2,15,0,7.74,20,2,12
2024-12-01 12:00:00,13.7,42.9,Winter,Afternoon,7,2,20,1,5.23,12,6,12
2024-12-02 12:00:00,10.0,36.9,Winter,Afternoon,5,4,13,0,3.32,12,0,12
2024-11-23 00:00:00,13.0,56.1,Fall,Night,3,0,13,1,1.53,0,5,11
2026-03-15 16:00:00,17.4,59.5,Spring,Afternoon,6,3,20,1,2.78,16,6,3
2025-07-24 08:00:00,25.5,73.1,Summer,Morning,8,3,20,0,8.11,8,3,7
2024-05-25 00:00:00,2.6,50.5,Spring,Night,6,4,18,1,3.14,0,5,5
2024-08-20 16:00:00,34.8,71.5,Summer,Afternoon,8,4,18,0,7.11,16,1,8
2024-03-04 08:00:00,19.1,61.1,Spring,Morning,6,1,20,0,3.25,8,0,3
2025-12-06 00:00:00,-4.1,39.2,Winter,Night,5,0,13,1,5.91,0,5,12
2026-03-22 08:00:00,18.1,54.5,Spring,Morning,4,1,12,1,2.28,8,6,3
2024-03-15 20:00:00,15.1,47.6,Spring,Evening,6,4,16,0,4.34,20,4,3
2024-05-22 04:00:00,7.4,56.8,Spring,Night,5,2,14,0,1.7,4,2,5
2024-10-17 00:00:00,11.7,63.7,Fall,Night,8,3,20,0,2.19,0,3,10
2024-07-03 04:00:00,22.5,71.0,Summer,Night,6,1,19,0,2.2,4,2,7
2025-02-08 12:00:00,9.4,37.8,Winter,Afternoon,2,1,10,1,2.8,12,5,2
2024-10-23 12:00:00,21.2,47.0,Fall,Afternoon,5,3,13,0,1.56,12,2,10
2025-04-30 16:00:00,14.4,57.4,Spring,Afternoon,8,4,20,0,2.37,16,2,4
2024-01-06 16:00:00,8.7,35.0,Winter,Afternoon,5,1,14,1,4.81,16,5,1
2024-03-30 12:00:00,20.7,54.8,Spring,Afternoon,7,3,17,1,2.44,12,5,3
2025-10-07 12:00:00,21.4,49.1,Fall,Afternoon,3,1,11,0,1.33,12,1,10
2024-01-09 16:00:00,14.2,37.5,Winter,Afternoon,6,1,14,0,2.92,16,1,1
2024-12-25 08:00:00,3.8,44.6,Winter,Morning,4,3,12,0,8.24,8,2,12
2024-05-04 00:00:00,10.8,57.2,Spring,Night,7,4,20,1,2.75,0,5,5
2024-07-14 00:00:00,19.3,70.4,Summer,Night,8,4,20,1,2.58,0,6,7
2025-11-18 16:00:00,13.8,55.9,Fall,Afternoon,1,0,7,0,0.85,16,1,11
2025-03-23 00:00:00,10.7,63.1,Spring,Night,3,1,11,1,1.22,0,6,3
2024-04-10 12:00:00,20.6,58.2,Spring,Afternoon,3,2,13,0,1.4,12,2,4
2024-12-10 00:00:00,1.6,43.7,Winter,Night,4,1,11,0,3.11,0,1,12
2026-03-12 04:00:00,12.6,49.9,Spring,Night,7,3,20,0,1.83,4,3,3
2024-08-10 12:00:00,28.6,66.5,Summer,Afternoon,4,1,14,1,4.48,12,5,8
2025-05-11 20:00:00,18.1,55.7,Spring,Evening,5,3,14,1,4.01,20,6,5
2025-12-13 00:00:00,-1.8,44.4,Winter,Night,7,2,20,1,8.22,0,5,12
2025-05-17 08:00:00,16.8,56.6,Spring,Morning,5,1,14,1,2.93,8,5,5
2024-07-09 20:00:00,29.1,63.6,Summer,Evening,8,4,18,0,11.43,20,1,7
2025-12-10 12:00:00,12.3,36.7,Winter,Afternoon,8,4,20,0,4.64,12,2,12
2026-03-12 12:00:00,20.9,56.3,Spring,Afternoon,5,4,13,0,1.56,12,3,3
2024-03-28 16:00:00,20.3,55.8,Spring,Afternoon,6,1,15,0,1.69,16,3,3
2024-09-01 16:00:00,19.7,57.9,Fall,Afternoon,2,0,9,1,1.24,16,6,9
2024-11-17 16:00:00,17.9,58.9,Fall,Afternoon,3,2,13,1,1.85,16,6,11
2025-08-10 00:00:00,24.3,75.4,Summer,Night,7,2,20,1,3.41,0,6,8
2024-12-15 12:00:00,0.2,46.0,Winter,Afternoon,5,1,14,1,7.71,12,6,12
2024-03-15 08:00:00,17.6,41.3,Spring,Morning,4,0,14,0,1.95,8,4,3
2024-09-27 08:00:00,11.3,47.3,Fall,Morning,5,3,13,0,3.83,8,4,9
2024-07-19 20:00:00,25.3,62.8,Summer,Evening,4,2,15,0,6.47,20,4,7
2024-12-11 16:00:00,7.9,37.2,Winter,Afternoon,6,3,20,0,5.5,16,2,12
2024-08-01 04:00:00,17.1,68.9,Summer,Night,6,4,14,0,1.7,4,3,8
2024-10-16 00:00:00,6.8,57.4,Fall,Night,8,4,20,0,3.38,0,2,10
2025-07-06 12:00:00,29.0,64.2,Summer,Afternoon,7,4,20,1,6.57,12,6,7
2025-07-18 16:00:00,29.2,72.3,Summer,Afternoon,7,3,19,0,5.58,16,4,7
2024-12-17 20:00:00,1.9,30.0,Winter,Evening,5,4,13,0,13.89,20,1,12
2024-12-11 08:00:00,6.9,45.3,Winter,Morning,9,4,20,0,12.93,8,2,12
2025-01-27 12:00:00,13.1,41.3,Winter,Afternoon,5,2,14,0,3.09,12,0,1
2024-09-04 20:00:00,16.6,55.8,Fall,Evening,7,4,20,0,6.26,20,2,9
2025-08-28 12:00:00,31.3,68.8,Summer,Afternoon,3,2,10,0,3.17,12,3,8
2024-12-04 04:00:00,4.0,42.2,Winter,Night,6,1,19,0,4.53,4,2,12
2024-05-13 04:00:00,3.0,47.6,Spring,Night,9,4,19,0,3.28,4,0,5
2024-03-11 16:00:00,15.6,50.6,Spring,Afternoon,8,4,20,0,2.48,16,0,3
2024-08-22 08:00:00,28.4,68.9,Summer,Morning,5,3,12,0,5.6,8,3,8
2026-02-04 00:00:00,1.1,43.4,Winter,Night,3,1,9,0,2.62,0,2,2
2024-10-23 04:00:00,5.5,62.6,Fall,Night,5,1,18,0,2.56,4,2,10
2026-02-22 12:00:00,10.2,42.7,Winter,Afternoon,8,4,20,1,6.46,12,6,2
2025-05-16 00:00:00,6.2,48.7,Spring,Night,5,3,14,0,1.85,0,4,5
2024-01-01 20:00:00,2.4,41.6,Winter,Evening,1,0,6,0,3.26,20,0,1
2026-01-04 12:00:00,8.3,32.6,Winter,Afternoon,5,4,13,1,4.78,12,6,1
2025-01-21 12:00:00,7.5,31.9,Winter,Afternoon,7,3,18,0,6.02,12,1,1
2025-08-01 12:00:00,36.9,62.4,Summer,Afternoon,7,3,17,0,7.48,12,4,8
2025-06-04 00:00:00,17.0,67.7,Summer,Night,8,4,18,0,1.97,0,2,6
2025-06-14 00:00:00,12.2,80.3,Summer,Night,9,4,19,1,3.43,0,5,6
2025-01-22 12:00:00,7.3,33.1,Winter,Afternoon,6,4,18,0,5.24,12,2,1
2025-05-23 16:00:00,21.0,64.8,Spring,Afternoon,6,2,20,0,2.18,16,4,5
2025-01-18 16:00:00,12.3,35.4,Winter,Afternoon,5,1,13,1,3.82,16,5,1
2026-03-17 12:00:00,16.0,57.1,Spring,Afternoon,8,4,20,0,2.45,12,1,3
2025-09-25 12:00:00,22.2,57.2,Fall,Afternoon,5,4,13,0,1.86,12,3,9
2024-01-12 16:00:00,12.7,43.3,Winter,Afternoon,3,2,13,0,2.52,16,4,1
2025-12-12 04:00:00,1.3,42.8,Winter,Night,7,2,20,0,5.93,4,4,12
2025-09-08 16:00:00,21.6,54.7,Fall,Afternoon,3,2,13,0,1.64,16,0,9
2024-11-29 08:00:00,13.6,65.0,Fall,Morning,8,4,20,0,5.58,8,4,11
2024-03-16 08:00:00,13.6,60.9,Spring,Morning,4,0,12,1,2.47,8,5,3
2024-10-28 00:00:00,10.6,58.8,Fall,Night,4,0,12,0,1.29,0,0,10
2025-06-04 12:00:00,28.0,64.6,Summer,Afternoon,5,1,18,0,4.45,12,2,6
2025-07-28 12:00:00,33.1,71.4,Summer,Afternoon,4,1,12,0,4.51,12,0,7
2025-06-11 16:00:00,25.7,71.2,Summer,Afternoon,7,4,16,0,3.82,16,2,6
2025-10-31 00:00:00,10.2,58.0,Fall,Night,7,2,20,0,2.57,0,4,10
2025-09-24 08:00:00,16.9,52.4,Fall,Morning,6,4,18,0,3.95,8,2,9
2024-12-25 12:00:00,8.4,40.4,Winter,Afternoon,5,0,19,0,5.62,12,2,12
2024-10-27 04:00:00,14.6,52.5,Fall,Night,6,1,15,1,1.71,4,6,10
2025-07-29 16:00:00,29.3,71.0,Summer,Afternoon,6,4,20,0,5.18,16,1,7
2024-11-03 00:00:00,8.5,44.6,Fall,Night,9,4,20,1,3.09,0,6,11
2024-10-14 20:00:00,16.0,55.2,Fall,Evening,4,0,14,0,3.01,20,0,10
2024-02-10 08:00:00,-1.0,37.5,Winter,Morning,6,3,19,1,18.38,8,5,2
2026-01-17 08:00:00,4.2,30.0,Winter,Morning,5,0,17,1,8.36,8,5,1
2024-11-19 08:00:00,16.3,57.1,Fall,Morning,3,1,9,0,1.62,8,1,11
2025-01-12 16:00:00,12.7,31.6,Winter,Afternoon,7,4,16,1,4.28,16,6,1
2024-02-01 20:00:00,6.8,44.0,Winter,Evening,2,0,8,0,3.72,20,3,2
2025-01-17 12:00:00,10.4,36.7,Winter,Afternoon,6,2,20,0,5.3,12,4,1
2026-04-06 16:00:00,18.5,58.5,Spring,Afternoon,5,1,14,0,1.57,16,0,4
2025-05-09 20:00:00,18.6,58.4,Spring,Evening,4,0,12,0,2.28,20,4,5
2025-11-19 20:00:00,8.1,59.8,Fall,Evening,6,1,20,0,6.68,20,2,11
2024-03-04 00:00:00,13.0,56.1,Spring,Night,6,4,18,0,1.55,0,0,3
2024-09-05 16:00:00,20.8,57.7,Fall,Afternoon,2,1,8,0,0.93,16,3,9
2025-08-24 08:00:00,23.5,67.2,Summer,Morning,7,2,20,1,8.24,8,6,8
2024-01-20 12:00:00,11.9,33.3,Winter,Afternoon,3,1,11,1,2.88,12,5,1
2025-07-14 16:00:00,25.8,83.7,Summer,Afternoon,6,2,18,0,3.86,16,0,7
2025-08-09 08:00:00,26.7,55.8,Summer,Morning,7,2,20,1,9.55,8,5,8
2025-03-09 00:00:00,8.2,56.8,Spring,Night,6,1,17,1,2.53,0,6,3
2025-06-28 00:00:00,19.9,78.5,Summer,Night,3,1,11,1,1.47,0,5,6
2025-10-21 04:00:00,18.5,59.5,Fall,Night,4,2,15,0,1.19,4,1,10
2025-07-27 00:00:00,23.5,73.8,Summer,Night,8,3,18,1,2.99,0,6,7
2025-05-21 20:00:00,16.7,43.8,Spring,Evening,4,2,15,0,3.06,20,2,5
2026-01-20 08:00:00,5.1,39.9,Winter,Morning,7,4,16,0,10.73,8,1,1
2024-04-18 00:00:00,11.9,63.5,Spring,Night,3,0,10,0,0.9,0,3,4
2025-01-18 08:00:00,0.7,40.9,Winter,Morning,7,4,17,1,17.81,8,5,1
2024-02-23 08:00:00,5.5,34.7,Winter,Morning,6,1,20,0,10.56,8,4,2
2025-11-05 00:00:00,6.5,50.4,Fall,Night,4,0,12,0,1.7,0,2,11
2026-04-02 00:00:00,8.4,57.6,Spring,Night,3,1,9,0,0.99,0,3,4
2025-07-02 04:00:00,26.4,67.5,Summer,Night,8,3,19,0,3.22,4,2,7
2025-03-16 20:00:00,11.1,55.1,Spring,Evening,6,1,16,1,4.9,20,6,3
2024-11-08 12:00:00,17.7,55.7,Fall,Afternoon,1,0,7,0,0.77,12,4,11
2025-05-30 12:00:00,19.8,52.5,Spring,Afternoon,7,2,20,0,2.19,12,4,5
2024-05-26 12:00:00,17.4,48.3,Spring,Afternoon,4,1,14,1,1.96,12,6,5
2024-04-11 00:00:00,9.7,57.7,Spring,Night,7,2,20,0,2.1,0,3,4
2024-06-02 08:00:00,26.1,65.0,Summer,Morning,3,1,11,1,4.69,8,6,6
2024-10-10 16:00:00,17.9,55.7,Fall,Afternoon,5,4,13,0,1.66,16,3,10
2025-09-20 16:00:00,15.7,59.1,Fall,Afternoon,2,1,8,1,1.13,16,5,9
2025-12-03 16:00:00,3.7,42.4,Winter,Afternoon,6,2,20,0,6.88,16,2,12
2024-08-10 16:00:00,30.7,60.5,Summer,Afternoon,7,2,20,1,7.45,16,5,8
2024-01-07 12:00:00,6.9,42.2,Winter,Afternoon,5,1,18,1,6.78,12,6,1
2025-11-21 04:00:00,9.1,59.6,Fall,Night,7,2,20,0,2.27,4,4,11
2024-11-20 00:00:00,9.7,52.8,Fall,Night,7,3,20,0,2.57,0,2,11
2024-03-31 08:00:00,20.5,48.2,Spring,Morning,3,1,10,1,2.0,8,6,3
2025-11-29 08:00:00,15.5,53.9,Fall,Morning,5,4,13,1,3.79,8,5,11
2025-09-19 08:00:00,21.5,58.2,Fall,Morning,6,2,17,0,3.48,8,4,9
2024-08-31 08:00:00,31.3,71.7,Summer,Morning,5,0,13,1,6.69,8,5,8
2025-10-23 12:00:00,16.0,57.1,Fall,Afternoon,3,0,9,0,1.1,12,3,10
2025-12-19 00:00:00,3.8,43.0,Winter,Night,6,2,20,0,5.0,0,4,12
2024-06-23 04:00:00,17.3,68.3,Summer,Night,3,0,9,1,1.16,4,6,6
2025-10-04 20:00:00,17.5,51.1,Fall,Evening,5,3,12,1,3.62,20,5,10
2024-12-14 08:00:00,7.0,39.4,Winter,Morning,6,2,20,1,10.97,8,5,12
2024-01-15 00:00:00,-1.3,35.6,Winter,Night,8,4,18,0,5.98,0,0,1
2025-03-25 16:00:00,19.1,52.0,Spring,Afternoon,4,0,11,0,1.25,16,1,3
2025-07-16 08:00:00,24.2,68.3,Summer,Morning,4,1,12,0,3.65,8,2,7
2025-05-15 16:00:00,23.9,49.1,Spring,Afternoon,8,4,20,0,3.04,16,3,5
2025-06-03 16:00:00,30.8,61.7,Summer,Afternoon,2,0,10,0,2.77,16,1,6
2024-08-01 12:00:00,29.0,65.1,Summer,Afternoon,8,4,20,0,6.3,12,3,8
2025-06-25 00:00:00,23.2,71.1,Summer,Night,4,2,13,0,1.71,0,2,6
2025-11-08 12:00:00,23.1,53.2,Fall,Afternoon,4,2,11,1,2.11,12,5,11
2024-11-15 16:00:00,13.7,44.2,Fall,Afternoon,4,0,14,0,2.02,16,4,11
2026-02-04 08:00:00,0.2,34.4,Winter,Morning,6,3,20,0,15.78,8,2,2
2026-03-15 12:00:00,21.5,56.6,Spring,Afternoon,5,0,13,1,1.96,12,6,3
2025-06-21 20:00:00,22.9,68.4,Summer,Evening,8,4,20,1,10.92,20,5,6
2024-10-30 16:00:00,19.3,56.8,Fall,Afternoon,7,2,20,0,2.55,16,2,10
2024-05-05 12:00:00,24.1,52.6,Spring,Afternoon,9,4,20,1,3.44,12,6,5
2025-01-23 12:00:00,10.6,37.5,Winter,Afternoon,2,1,10,0,2.25,12,3,1
2025-08-06 04:00:00,20.4,74.6,Summer,Night,3,1,9,0,1.01,4,2,8
2025-12-12 16:00:00,7.7,43.8,Winter,Afternoon,4,3,13,0,3.82,16,4,12
2025-10-23 00:00:00,6.5,50.9,Fall,Night,4,2,11,0,1.67,0,3,10
2025-03-11 12:00:00,18.6,56.7,Spring,Afternoon,5,1,18,0,1.88,12,1,3
2025-06-20 12:00:00,27.5,72.5,Summer,Afternoon,8,4,20,0,5.19,12,4,6
2025-08-03 00:00:00,22.4,75.2,Summer,Night,9,4,20,1,3.3,0,6,8
2025-07-01 20:00:00,24.4,63.8,Summer,Evening,3,2,13,0,4.72,20,1,7
2025-09-10 20:00:00,12.9,59.8,Fall,Evening,6,4,20,0,5.97,20,2,9
2025-07-14 04:00:00,21.3,71.9,Summer,Night,5,1,18,0,2.02,4,0,7
2026-04-03 20:00:00,16.6,62.2,Spring,Evening,7,2,20,0,4.61,20,4,4
2025-01-12 20:00:00,2.7,40.9,Winter,Evening,3,1,12,1,9.93,20,6,1
2024-07-26 12:00:00,29.0,76.9,Summer,Afternoon,4,2,11,0,3.39,12,4,7
2025-10-12 00:00:00,8.9,58.7,Fall,Night,6,4,18,1,2.76,0,6,10
2026-02-25 12:00:00,7.5,46.5,Winter,Afternoon,4,2,11,0,3.4,12,2,2
2025-06-23 04:00:00,22.8,81.9,Summer,Night,4,1,15,0,1.77,4,0,6
2026-03-21 04:00:00,11.4,56.1,Spring,Night,4,3,12,1,1.35,4,5,3
2024-12-07 08:00:00,4.3,42.5,Winter,Morning,3,2,13,1,8.05,8,5,12
2024-08-02 00:00:00,25.0,62.8,Summer,Night,6,1,20,0,2.84,0,4,8
2024-07-03 20:00:00,24.5,70.0,Summer,Evening,6,4,14,0,6.72,20,2,7
2024-02-28 04:00:00,2.9,33.3,Winter,Night,4,1,12,0,3.13,4,2,2
2024-06-07 08:00:00,22.4,74.2,Summer,Morning,1,0,7,0,1.42,8,4,6
2025-09-29 16:00:00,21.4,42.5,Fall,Afternoon,5,4,17,0,2.27,16,0,9
2026-03-10 04:00:00,7.4,63.5,Spring,Night,3,1,13,0,1.35,4,1,3
2025-12-05 08:00:00,6.5,40.1,Winter,Morning,3,0,13,0,5.14,8,4,12
2025-07-11 04:00:00,20.8,72.7,Summer,Night,4,0,13,0,1.41,4,4,7
2025-01-23 08:00:00,0.3,40.1,Winter,Morning,4,1,16,0,10.33,8,3,1
2025-04-10 16:00:00,20.0,57.9,Spring,Afternoon,6,4,16,0,1.97,16,3,4
2025-10-01 04:00:00,7.9,49.0,Fall,Night,4,0,16,0,2.01,4,2,10
2024-01-18 08:00:00,2.7,31.4,Winter,Morning,7,3,20,0,14.36,8,3,1
2024-11-29 16:00:00,21.8,53.4,Fall,Afternoon,5,3,13,0,1.89,16,4,11
2025-05-05 12:00:00,16.8,54.6,Spring,Afternoon,5,4,13,0,1.44,12,0,5
2024-04-20 00:00:00,10.5,49.8,Spring,Night,8,4,20,1,2.51,0,5,4
2026-02-13 12:00:00,9.4,37.2,Winter,Afternoon,4,3,13,0,3.19,12,4,2
2024-01-11 04:00:00,6.1,45.4,Winter,Night,7,4,20,0,4.67,4,3,1
2024-12-28 04:00:00,-0.9,30.7,Winter,Night,3,2,11,1,4.0,4,5,12
2025-03-06 08:00:00,16.7,48.4,Spring,Morning,5,0,17,0,2.37,8,3,3
2026-03-03 12:00:00,16.2,55.2,Spring,Afternoon,8,4,20,0,2.4,12,1,3
2025-12-21 00:00:00,-1.0,35.6,Winter,Night,6,3,14,1,5.78,0,6,12
2025-07-19 08:00:00,22.3,63.1,Summer,Morning,4,2,15,1,5.03,8,5,7
2025-10-29 20:00:00,11.5,68.8,Fall,Evening,4,2,15,0,4.56,20,2,10
2025-11-23 04:00:00,7.8,57.3,Fall,Night,8,3,18,1,2.99,4,6,11
2025-04-25 16:00:00,20.2,44.6,Spring,Afternoon,7,4,20,0,2.54,16,4,4
2024-10-16 12:00:00,17.6,50.4,Fall,Afternoon,6,3,16,0,1.93,12,2,10
2024-01-03 20:00:00,-1.5,46.2,Winter,Evening,8,4,20,0,21.65,20,2,1
2026-02-28 20:00:00,1.4,39.7,Winter,Evening,5,0,19,1,15.99,20,5,2
2025-04-23 08:00:00,15.6,62.6,Spring,Morning,7,3,20,0,3.89,8,2,4
2025-03-28 08:00:00,7.7,59.2,Spring,Morning,6,1,19,0,4.88,8,4,3
2025-07-26 12:00:00,33.9,76.4,Summer,Afternoon,7,4,16,1,7.95,12,5,7
2024-06-04 20:00:00,20.5,76.1,Summer,Evening,5,0,19,0,5.15,20,1,6
2024-01-29 08:00:00,6.0,42.1,Winter,Morning,6,4,20,0,12.02,8,0,1
2025-01-03 20:00:00,5.1,42.9,Winter,Evening,4,1,13,0,7.33,20,4,1
2024-10-06 12:00:00,20.6,53.4,Fall,Afternoon,8,3,20,1,3.16,12,6,10
2024-01-26 12:00:00,11.6,30.0,Winter,Afternoon,5,2,14,0,3.54,12,4,1
2025-07-21 00:00:00,23.1,69.8,Summer,Night,6,4,15,0,2.02,0,0,7
2024-10-30 20:00:00,13.5,55.7,Fall,Evening,4,2,13,0,3.76,20,2,10
2024-08-23 00:00:00,15.0,71.4,Summer,Night,5,1,14,0,1.59,0,4,8
2024-09-26 08:00:00,14.3,55.7,Fall,Morning,6,1,16,0,3.43,8,3,9
2026-03-10 00:00:00,13.5,50.8,Spring,Night,3,1,10,0,0.85,0,1,3
2025-07-13 04:00:00,18.8,76.1,Summer,Night,5,4,13,1,1.58,4,6,7
2026-03-27 00:00:00,8.3,49.9,Spring,Night,3,1,11,0,1.22,0,4,3
2025-08-24 12:00:00,30.0,69.2,Summer,Afternoon,1,0,7,1,2.04,12,6,8
2025-01-22 00:00:00,1.4,36.2,Winter,Night,1,0,7,0,1.69,0,2,1
2024-09-25 20:00:00,15.4,48.6,Fall,Evening,4,0,11,0,2.43,20,2,9
2026-04-11 08:00:00,17.1,49.2,Spring,Morning,3,0,13,1,2.27,8,5,4
2025-02-23 16:00:00,10.2,42.1,Winter,Afternoon,6,4,15,1,5.01,16,6,2
2025-11-25 00:00:00,10.0,58.7,Fall,Night,4,2,15,0,1.63,0,1,11
2025-08-19 00:00:00,16.7,66.9,Summer,Night,7,2,20,0,2.08,0,1,8
2026-02-20 12:00:00,12.5,34.1,Winter,Afternoon,7,2,20,0,4.5,12,4,2
2025-01-03 08:00:00,3.4,47.9,Winter,Morning,6,1,20,0,10.71,8,4,1
2025-10-20 20:00:00,12.6,52.9,Fall,Evening,2,1,8,0,2.12,20,0,10
2025-09-23 16:00:00,21.1,56.4,Fall,Afternoon,6,4,15,0,2.04,16,1,9
2024-04-07 04:00:00,6.3,55.1,Spring,Night,4,2,13,1,1.8,4,6,4
2026-02-17 20:00:00,11.2,38.7,Winter,Evening,5,3,12,0,7.41,20,1,2
2024-03-18 20:00:00,16.7,49.7,Spring,Evening,7,2,20,0,4.73,20,0,3
2025-04-09 12:00:00,16.3,45.9,Spring,Afternoon,8,4,20,0,2.42,12,2,4
2025-12-18 08:00:00,6.4,31.4,Winter,Morning,7,2,20,0,10.44,8,3,12
2024-06-28 00:00:00,15.0,62.4,Summer,Night,6,3,19,0,2.31,0,4,6
2024-11-04 20:00:00,11.2,61.7,Fall,Evening,3,2,13,0,4.29,20,0,11
2024-10-17 08:00:00,16.8,46.1,Fall,Morning,1,0,7,0,0.99,8,3,10
2025-03-09 12:00:00,19.8,54.3,Spring,Afternoon,6,4,16,1,2.33,12,6,3
2025-09-09 00:00:00,12.8,52.3,Fall,Night,3,2,9,0,0.88,0,1,9
2025-09-27 12:00:00,20.6,52.9,Fall,Afternoon,1,0,7,1,0.87,12,5,9
2024-05-07 12:00:00,23.9,49.3,Spring,Afternoon,6,4,20,0,2.68,12,1,5
2024-07-12 20:00:00,24.6,70.9,Summer,Evening,6,2,20,0,8.36,20,4,7
2024-12-04 16:00:00,7.1,45.3,Winter,Afternoon,7,4,20,0,6.53,16,2,12
2025-12-12 20:00:00,5.6,42.1,Winter,Evening,5,1,14,0,9.78,20,4,12
2026-02-02 20:00:00,1.7,36.3,Winter,Evening,3,2,13,0,10.9,20,0,2
2026-03-27 04:00:00,10.4,54.5,Spring,Night,7,2,20,0,1.99,4,4,3
2026-01-26 12:00:00,7.3,43.9,Winter,Afternoon,4,3,12,0,3.6,12,0,1
2024-09-22 12:00:00,18.1,47.4,Fall,Afternoon,6,2,17,1,2.56,12,6,9
2024-09-26 00:00:00,14.1,60.4,Fall,Night,6,1,19,0,1.71,0,3,9
2025-02-11 16:00:00,8.4,41.9,Winter,Afternoon,8,4,20,0,6.0,16,1,2
2025-06-24 08:00:00,22.6,71.2,Summer,Morning,8,4,18,0,7.11,8,1,6
2024-11-22 20:00:00,17.5,57.2,Fall,Evening,4,2,15,0,3.7,20,4,11
2024-05-21 12:00:00,21.9,52.5,Spring,Afternoon,6,4,20,0,2.38,12,1,5
2024-01-30 00:00:00,-0.3,44.5,Winter,Night,8,3,18,0,6.06,0,1,1
2024-03-20 00:00:00,9.2,51.2,Spring,Night,3,0,13,0,1.33,0,2,3
2026-04-11 16:00:00,16.4,52.8,Spring,Afternoon,4,1,16,1,2.01,16,5,4
2025-08-15 16:00:00,28.7,79.1,Summer,Afternoon,5,0,17,0,3.9,16,4,8
2024-04-29 00:00:00,11.9,53.5,Spring,Night,3,0,9,0,0.89,0,0,4
2025-08-12 20:00:00,26.0,70.6,Summer,Evening,4,2,12,0,5.39,20,1,8
2025-01-31 12:00:00,10.8,41.0,Winter,Afternoon,1,0,7,0,1.56,12,4,1
2024-06-21 12:00:00,27.3,66.5,Summer,Afternoon,1,0,7,0,1.42,12,4,6
2024-01-05 08:00:00,9.8,38.4,Winter,Morning,4,2,15,0,6.46,8,4,1
2024-09-01 20:00:00,17.2,46.1,Fall,Evening,3,0,9,1,2.06,20,6,9
2025-01-11 20:00:00,5.3,36.5,Winter,Evening,6,1,14,1,11.59,20,5,1
2025-12-13 20:00:00,-0.5,40.1,Winter,Evening,7,2,20,1,23.83,20,5,12
2024-12-14 16:00:00,7.5,41.8,Winter,Afternoon,8,4,17,1,6.85,16,5,12
2024-06-29 16:00:00,26.8,73.8,Summer,Afternoon,6,2,20,1,5.31,16,5,6
2026-01-12 16:00:00,11.3,38.9,Winter,Afternoon,5,4,13,0,3.26,16,0,1
2024-07-12 04:00:00,22.0,75.0,Summer,Night,7,2,20,0,2.41,4,4,7
2025-04-26 00:00:00,10.9,49.9,Spring,Night,5,1,12,1,1.56,0,5,4
2025-12-17 12:00:00,6.2,40.1,Winter,Afternoon,5,4,17,0,5.12,12,2,12
2024-05-19 12:00:00,23.9,52.3,Spring,Afternoon,7,2,20,1,3.39,12,6,5
2026-03-16 12:00:00,23.0,63.8,Spring,Afternoon,6,2,17,0,2.44,12,0,3
2026-02-27 00:00:00,0.2,35.7,Winter,Night,4,0,16,0,4.47,0,4,2
2024-09-07 12:00:00,16.3,51.7,Fall,Afternoon,3,0,9,1,1.38,12,5,9
2024-03-30 04:00:00,9.3,56.8,Spring,Night,4,1,15,1,1.87,4,5,3
2025-10-02 12:00:00,21.3,47.3,Fall,Afternoon,7,4,17,0,2.47,12,3,10
2025-06-14 16:00:00,29.0,73.0,Summer,Afternoon,3,2,9,1,3.03,16,5,6
2025-09-08 08:00:00,17.7,49.5,Fall,Morning,2,1,9,0,1.37,8,0,9
2025-01-24 04:00:00,0.1,36.2,Winter,Night,6,2,20,0,5.62,4,4,1
2025-07-07 12:00:00,26.2,75.3,Summer,Afternoon,5,1,12,0,2.66,12,0,7
2025-02-09 08:00:00,2.1,36.0,Winter,Morning,5,3,12,1,10.34,8,6,2
2026-02-15 16:00:00,9.4,42.5,Winter,Afternoon,8,4,20,1,6.53,16,6,2
2025-12-15 12:00:00,13.4,38.3,Winter,Afternoon,5,0,18,0,3.95,12,0,12
2025-06-03 04:00:00,16.9,60.2,Summer,Night,3,1,9,0,0.95,4,1,6
2025-02-13 16:00:00,8.2,38.7,Winter,Afternoon,6,4,19,0,5.17,16,3,2
2026-01-30 04:00:00,4.7,33.1,Winter,Night,6,4,20,0,4.53,4,4,1
2026-03-17 00:00:00,9.1,65.3,Spring,Night,4,0,16,0,1.82,0,1,3
2025-10-18 00:00:00,8.6,54.5,Fall,Night,1,0,7,1,0.95,0,5,10
2025-06-21 00:00:00,20.2,67.9,Summer,Night,6,2,20,1,2.65,0,5,6
2025-08-08 08:00:00,20.3,69.0,Summer,Morning,6,1,20,0,5.03,8,4,8
2024-12-03 04:00:00,2.4,38.4,Winter,Night,7,2,20,0,5.7,4,1,12
2024-04-09 04:00:00,8.5,55.5,Spring,Night,7,4,16,0,1.81,4,1,4
2024-04-23 12:00:00,17.9,48.4,Spring,Afternoon,3,2,11,0,1.09,12,1,4
2025-08-16 16:00:00,31.0,58.8,Summer,Afternoon,7,3,20,1,7.65,16,5,8
2025-04-16 08:00:00,12.4,53.9,Spring,Morning,1,0,7,0,1.1,8,2,4
2025-09-13 16:00:00,23.6,52.9,Fall,Afternoon,6,3,16,1,3.05,16,5,9
2024-03-04 16:00:00,24.0,54.7,Spring,Afternoon,4,3,16,0,2.09,16,0,3
2026-02-22 20:00:00,6.4,42.9,Winter,Evening,6,1,14,1,11.3,20,6,2
2024-08-16 04:00:00,20.4,66.1,Summer,Night,7,2,20,0,2.2,4,4,8
2024-05-15 20:00:00,17.2,48.2,Spring,Evening,5,4,13,0,3.61,20,2,5
2024-10-13 20:00:00,9.9,63.8,Fall,Evening,7,2,20,1,8.41,20,6,10
2024-08-21 12:00:00,30.8,66.6,Summer,Afternoon,6,1,20,0,6.24,12,2,8
2025-01-10 08:00:00,8.1,41.5,Winter,Morning,3,1,9,0,4.05,8,4,1
2025-11-30 04:00:00,12.9,60.9,Fall,Night,6,4,20,1,2.29,4,6,11
2025-12-08 12:00:00,8.7,35.3,Winter,Afternoon,5,3,13,0,3.63,12,0,12
2024-06-08 20:00:00,33.3,69.1,Summer,Evening,6,4,20,1,18.71,20,5,6
2024-10-13 16:00:00,17.7,66.1,Fall,Afternoon,4,3,13,1,1.79,16,6,10
2024-01-01 16:00:00,10.7,34.8,Winter,Afternoon,2,1,8,0,2.01,16,0,1
2024-03-02 00:00:00,11.4,48.2,Spring,Night,5,4,13,1,1.46,0,5,3
2025-09-01 12:00:00,16.5,59.4,Fall,Afternoon,6,1,20,0,2.54,12,0,9
2025-04-24 12:00:00,17.7,55.2,Spring,Afternoon,7,3,18,0,2.07,12,3,4
2025-06-06 08:00:00,21.1,68.6,Summer,Morning,6,2,20,0,5.86,8,4,6
2026-03-27 16:00:00,19.6,61.3,Spring,Afternoon,5,2,14,0,1.56,16,4,3
2025-06-02 20:00:00,27.6,78.9,Summer,Evening,5,4,13,0,7.75,20,0,6
2024-12-26 00:00:00,1.1,44.0,Winter,Night,3,1,12,0,3.45,0,3,12
2025-12-08 20:00:00,1.4,42.8,Winter,Evening,6,3,16,0,15.18,20,0,12
2024-07-21 16:00:00,32.8,57.4,Summer,Afternoon,5,3,12,1,5.0,16,6,7
2024-11-15 04:00:00,7.4,52.0,Fall,Night,6,2,20,0,2.52,4,4,11
2025-03-31 04:00:00,16.3,57.3,Spring,Night,8,4,20,0,1.55,4,0,3
2024-05-07 04:00:00,14.3,56.2,Spring,Night,4,0,12,0,0.99,4,1,5
2024-10-01 16:00:00,24.8,54.9,Fall,Afternoon,3,2,9,0,1.4,16,1,10
2026-03-24 12:00:00,14.7,53.2,Spring,Afternoon,7,4,20,0,2.63,12,1,3
2025-05-20 04:00:00,3.0,48.3,Spring,Night,4,1,12,0,1.87,4,1,5
2025-08-02 08:00:00,22.6,69.6,Summer,Morning,5,0,13,1,4.16,8,5,8
2025-03-29 16:00:00,21.6,51.2,Spring,Afternoon,5,0,18,1,2.51,16,5,3
2025-03-12 08:00:00,19.9,59.9,Spring,Morning,6,1,17,0,2.91,8,2,3
2025-01-16 16:00:00,11.1,43.9,Winter,Afternoon,5,3,12,0,2.99,16,3,1
2024-05-15 16:00:00,23.2,48.6,Spring,Afternoon,3,0,13,0,1.54,16,2,5
2024-02-23 00:00:00,2.6,43.4,Winter,Night,4,0,13,0,3.55,0,4,2
2025-06-10 08:00:00,22.2,74.7,Summer,Morning,4,2,13,0,3.83,8,1,6
2024-04-16 20:00:00,17.0,53.1,Spring,Evening,4,0,16,0,2.76,20,1,4
2025-03-30 20:00:00,21.0,59.2,Spring,Evening,4,2,13,1,3.59,20,6,3
2026-03-15 20:00:00,11.1,55.4,Spring,Evening,3,1,10,1,3.01,20,6,3
2024-12-30 16:00:00,10.5,33.4,Winter,Afternoon,3,0,13,0,3.01,16,0,12
2026-02-10 08:00:00,2.7,38.8,Winter,Morning,8,4,20,0,13.27,8,1,2
2024-01-07 08:00:00,9.7,38.0,Winter,Morning,6,3,14,1,7.56,8,6,1
2025-10-08 04:00:00,11.0,56.9,Fall,Night,7,4,20,0,2.29,4,2,10
2025-05-14 12:00:00,14.9,57.3,Spring,Afternoon,1,0,7,0,0.75,12,2,5
2024-02-04 00:00:00,-0.5,47.9,Winter,Night,6,1,19,1,6.89,0,6,2
2024-04-24 00:00:00,12.2,49.9,Spring,Night,5,3,14,0,1.35,0,2,4
2024-05-25 20:00:00,13.5,56.4,Spring,Evening,7,2,20,1,6.31,20,5,5
2026-03-23 04:00:00,7.4,55.7,Spring,Night,6,3,16,0,2.01,4,0,3
2024-03-08 16:00:00,18.9,54.1,Spring,Afternoon,7,2,20,0,2.21,16,4,3
2025-11-10 12:00:00,20.8,51.1,Fall,Afternoon,6,3,20,0,2.63,12,0,11
2025-10-08 00:00:00,8.4,58.8,Fall,Night,4,3,12,0,1.67,0,2,10
2025-07-09 00:00:00,24.6,65.2,Summer,Night,4,3,16,0,2.21,0,2,7
2025-12-04 12:00:00,8.1,38.0,Winter,Afternoon,6,2,20,0,5.65,12,3,12
2025-02-10 20:00:00,4.7,40.3,Winter,Evening,3,2,13,0,8.63,20,0,2
2024-01-18 12:00:00,8.8,45.7,Winter,Afternoon,2,1,10,0,2.41,12,3,1
2025-04-12 20:00:00,8.6,47.4,Spring,Evening,7,3,20,1,8.73,20,5,4
2025-04-10 04:00:00,11.3,60.3,Spring,Night,7,3,18,0,1.8,4,3,4
2024-03-01 00:00:00,6.3,58.4,Spring,Night,7,2,20,0,2.66,0,4,3
2024-01-05 20:00:00,-2.2,40.2,Winter,Evening,5,4,17,0,19.51,20,4,1
2024-04-24 12:00:00,15.0,61.4,Spring,Afternoon,5,3,17,0,2.11,12,2,4
2024-07-20 08:00:00,23.0,69.1,Summer,Morning,4,2,15,1,5.04,8,5,7
2024-09-30 16:00:00,18.5,48.7,Fall,Afternoon,5,2,13,0,1.58,16,0,9
2025-07-17 04:00:00,20.3,66.9,Summer,Night,5,4,13,0,1.5,4,3,7
2025-09-18 00:00:00,12.5,55.7,Fall,Night,9,4,20,0,2.1,0,3,9
2024-11-15 08:00:00,15.1,55.6,Fall,Morning,3,2,13,0,2.44,8,4,11
2024-11-08 08:00:00,15.0,50.2,Fall,Morning,4,0,11,0,1.88,8,4,11
2024-10-20 08:00:00,19.3,51.8,Fall,Morning,2,1,9,1,1.94,8,6,10
2025-09-05 04:00:00,12.4,54.9,Fall,Night,4,0,14,0,1.41,4,4,9
2024-01-19 16:00:00,11.4,38.3,Winter,Afternoon,3,2,10,0,2.21,16,4,1
2024-12-20 08:00:00,6.8,42.7,Winter,Morning,5,0,13,0,5.75,8,4,12
2025-11-09 20:00:00,13.4,51.5,Fall,Evening,5,4,17,1,6.73,20,6,11
2025-06-09 04:00:00,16.2,70.6,Summer,Night,8,3,20,0,2.16,4,0,6
2024-06-09 04:00:00,19.5,73.4,Summer,Night,6,2,16,1,2.16,4,6,6
2025-11-21 08:00:00,13.3,44.2,Fall,Morning,6,4,16,0,4.12,8,4,11
2024-04-02 08:00:00,15.2,63.8,Spring,Morning,3,1,9,0,1.64,8,1,4
2024-10-12 04:00:00,8.5,69.3,Fall,Night,7,4,20,1,3.13,4,5,10
2024-11-24 16:00:00,19.3,60.9,Fall,Afternoon,3,0,13,1,1.64,16,6,11
2025-08-08 00:00:00,21.1,72.9,Summer,Night,6,3,16,0,1.8,0,4,8
2024-02-15 04:00:00,0.9,42.7,Winter,Night,5,2,14,0,4.2,4,3,2
2025-07-29 04:00:00,20.3,75.4,Summer,Night,3,1,9,0,1.05,4,1,7
2024-12-17 04:00:00,0.1,41.1,Winter,Night,4,2,15,0,4.11,4,1,12
2025-09-27 08:00:00,15.6,51.5,Fall,Morning,6,4,16,1,4.79,8,5,9
2026-01-27 20:00:00,6.7,32.6,Winter,Evening,4,0,12,0,5.69,20,1,1
2025-01-07 08:00:00,3.1,33.8,Winter,Morning,3,1,11,0,5.9,8,1,1
2025-07-11 20:00:00,21.4,74.3,Summer,Evening,8,3,20,0,8.07,20,4,7
2024-03-22 16:00:00,14.7,61.9,Spring,Afternoon,1,0,7,0,0.75,16,4,3
2024-11-23 12:00:00,21.4,48.4,Fall,Afternoon,4,1,15,1,2.29,12,5,11
2025-12-26 20:00:00,4.2,37.6,Winter,Evening,5,4,13,0,11.34,20,4,12
2025-04-12 16:00:00,18.9,49.3,Spring,Afternoon,3,2,11,1,1.29,16,5,4
2024-09-29 12:00:00,19.8,53.7,Fall,Afternoon,4,1,14,1,2.08,12,6,9
2025-11-22 12:00:00,16.2,59.1,Fall,Afternoon,6,3,14,1,2.3,12,5,11
2025-02-04 04:00:00,-5.4,54.9,Winter,Night,6,4,18,0,6.56,4,1,2
2026-03-06 16:00:00,19.0,60.7,Spring,Afternoon,4,2,12,0,1.28,16,4,3
2026-01-26 04:00:00,-4.8,44.5,Winter,Night,6,4,18,0,7.19,4,0,1
2025-08-06 00:00:00,23.2,74.9,Summer,Night,4,1,12,0,1.6,0,2,8
2024-12-05 08:00:00,7.2,37.6,Winter,Morning,5,3,14,0,7.76,8,3,12
2025-12-18 04:00:00,10.1,36.5,Winter,Night,4,0,15,0,2.43,4,3,12
2024-04-15 20:00:00,15.8,51.7,Spring,Evening,7,3,17,0,4.81,20,0,4
2024-11-07 00:00:00,5.5,60.4,Fall,Night,7,4,20,0,2.96,0,3,11
2024-08-17 00:00:00,23.1,74.2,Summer,Night,6,4,15,1,2.45,0,5,8
2024-08-07 08:00:00,23.1,67.1,Summer,Morning,8,3,18,0,6.76,8,2,8
2025-03-27 16:00:00,15.1,62.4,Spring,Afternoon,3,1,11,0,1.28,16,3,3
2024-05-10 20:00:00,15.5,60.2,Spring,Evening,9,4,20,0,6.21,20,4,5
2025-02-16 16:00:00,7.2,35.4,Winter,Afternoon,4,1,16,1,5.48,16,6,2
2024-05-02 12:00:00,22.7,45.5,Spring,Afternoon,6,2,17,0,2.26,12,3,5
2024-09-22 16:00:00,13.6,63.6,Fall,Afternoon,9,4,20,1,3.95,16,6,9
2026-01-28 08:00:00,5.4,33.2,Winter,Morning,7,4,17,0,10.52,8,2,1
2024-01-29 16:00:00,12.1,44.5,Winter,Afternoon,5,4,13,0,3.34,16,0,1
2024-04-20 20:00:00,11.2,56.9,Spring,Evening,7,2,20,1,6.05,20,5,4
2024-03-16 16:00:00,23.3,64.3,Spring,Afternoon,3,1,11,1,1.63,16,5,3
2025-11-19 00:00:00,9.3,54.9,Fall,Night,3,1,9,0,1.1,0,2,11
2024-03-12 08:00:00,20.1,45.6,Spring,Morning,4,2,15,0,2.27,8,1,3
2025-04-14 20:00:00,13.5,60.9,Spring,Evening,3,1,11,0,2.63,20,0,4
2025-05-28 00:00:00,10.5,55.0,Spring,Night,6,4,18,0,1.81,0,2,5
2024-10-25 20:00:00,12.7,63.0,Fall,Evening,2,0,8,0,1.97,20,4,10
2025-03-30 16:00:00,22.1,62.6,Spring,Afternoon,6,2,20,1,3.03,16,6,3
2025-07-18 12:00:00,27.3,69.3,Summer,Afternoon,7,2,20,0,4.7,12,4,7
2025-06-17 04:00:00,20.2,67.5,Summer,Night,3,2,9,0,1.05,4,1,6
2026-03-23 16:00:00,25.9,56.3,Spring,Afternoon,2,0,10,0,1.5,16,0,3
2026-02-15 08:00:00,5.4,44.9,Winter,Morning,7,4,17,1,13.79,8,6,2
2026-01-27 04:00:00,0.4,37.6,Winter,Night,6,4,15,0,4.76,4,1,1
2024-02-02 08:00:00,1.8,36.9,Winter,Morning,8,3,17,0,14.6,8,4,2
2025-04-04 00:00:00,9.9,47.1,Spring,Night,4,2,12,0,1.29,0,4,4
2025-08-30 20:00:00,26.8,67.4,Summer,Evening,3,0,9,1,4.41,20,5,8
2024-08-22 12:00:00,27.8,70.7,Summer,Afternoon,7,4,16,0,4.48,12,3,8
2024-12-28 16:00:00,12.1,42.3,Winter,Afternoon,8,3,20,1,5.27,16,5,12
2025-08-30 08:00:00,23.8,71.6,Summer,Morning,7,3,20,1,8.68,8,5,8
2025-02-25 12:00:00,6.0,45.7,Winter,Afternoon,1,0,7,0,2.19,12,1,2
2025-03-13 16:00:00,17.6,58.6,Spring,Afternoon,5,2,13,0,1.37,16,3,3
2024-04-19 08:00:00,12.9,45.6,Spring,Morning,6,2,17,0,3.6,8,4,4
2025-07-03 00:00:00,16.2,70.6,Summer,Night,6,3,16,0,1.76,0,3,7
2024-05-06 16:00:00,20.0,56.6,Spring,Afternoon,5,0,18,0,2.05,16,0,5
2024-12-07 20:00:00,3.4,36.1,Winter,Evening,6,1,16,1,13.72,20,5,12
2024-03-10 20:00:00,19.7,62.7,Spring,Evening,4,1,13,1,3.06,20,6,3
2025-02-24 16:00:00,7.5,41.5,Winter,Afternoon,4,3,13,0,3.94,16,0,2
2025-06-30 08:00:00,23.9,68.7,Summer,Morning,8,4,18,0,7.26,8,0,6
2024-10-04 20:00:00,15.9,46.3,Fall,Evening,8,4,20,0,6.43,20,4,10
2024-09-07 20:00:00,13.7,56.6,Fall,Evening,3,0,9,1,2.61,20,5,9
2024-08-22 00:00:00,18.3,73.3,Summer,Night,7,4,16,0,1.8,0,3,8
2024-05-14 04:00:00,14.1,51.0,Spring,Night,5,0,17,0,1.39,4,1,5
2024-07-01 12:00:00,33.2,67.3,Summer,Afternoon,1,0,7,0,2.13,12,0,7
2025-03-29 08:00:00,7.2,61.1,Spring,Morning,9,4,19,1,8.25,8,5,3
2025-01-18 00:00:00,-2.0,35.3,Winter,Night,6,1,15,1,6.85,0,5,1
2024-05-16 12:00:00,21.3,48.7,Spring,Afternoon,8,3,17,0,2.2,12,3,5
2024-12-26 04:00:00,-0.9,41.3,Winter,Night,6,3,19,0,6.22,4,3,12
2024-11-13 20:00:00,11.3,51.7,Fall,Evening,3,1,13,0,3.59,20,2,11
2025-01-25 08:00:00,5.3,41.9,Winter,Morning,9,4,20,1,17.84,8,5,1
2024-07-10 12:00:00,35.8,69.5,Summer,Afternoon,2,0,9,0,2.99,12,2,7
2025-09-07 12:00:00,21.7,49.8,Fall,Afternoon,3,1,9,1,1.46,12,6,9
2024-09-15 12:00:00,20.1,52.8,Fall,Afternoon,8,4,18,1,3.02,12,6,9
2024-10-09 00:00:00,8.7,62.4,Fall,Night,1,0,7,0,0.71,0,2,10
2024-11-06 20:00:00,16.4,54.9,Fall,Evening,8,3,20,0,5.84,20,2,11
2026-04-01 08:00:00,14.3,60.6,Spring,Morning,9,4,20,0,4.83,8,2,4
2024-12-06 00:00:00,-2.6,44.4,Winter,Night,6,4,18,0,6.27,0,4,12
2025-08-29 16:00:00,27.6,66.6,Summer,Afternoon,5,0,18,0,4.51,16,4,8
2025-03-29 04:00:00,5.3,54.3,Spring,Night,4,0,15,1,2.31,4,5,3
2025-04-13 20:00:00,10.2,55.2,Spring,Evening,6,2,18,1,6.78,20,6,4
2024-08-29 04:00:00,18.8,70.1,Summer,Night,4,0,11,0,1.3,4,3,8
2025-11-21 00:00:00,2.6,56.2,Fall,Night,6,4,19,0,3.66,0,4,11
2024-03-26 08:00:00,16.2,46.5,Spring,Morning,5,2,18,0,3.08,8,1,3
2024-10-06 16:00:00,16.8,57.1,Fall,Afternoon,1,0,7,1,0.75,16,6,10
2024-06-05 08:00:00,24.3,63.8,Summer,Morning,2,1,10,0,2.83,8,2,6
2025-07-23 00:00:00,20.2,80.4,Summer,Night,7,4,20,0,2.4,0,2,7
2025-09-04 12:00:00,16.4,51.0,Fall,Afternoon,5,3,13,0,1.63,12,3,9
2025-03-16 12:00:00,15.6,52.5,Spring,Afternoon,8,3,20,1,2.91,12,6,3
2024-05-03 16:00:00,18.9,51.2,Spring,Afternoon,6,4,14,0,1.63,16,4,5
2024-04-08 04:00:00,13.6,55.4,Spring,Night,4,2,15,0,1.29,4,0,4
2024-03-21 20:00:00,15.4,50.9,Spring,Evening,3,0,9,0,1.76,20,3,3
2025-12-08 16:00:00,5.9,42.7,Winter,Afternoon,8,4,20,0,7.0,16,0,12
2024-12-02 16:00:00,5.4,48.9,Winter,Afternoon,3,0,10,0,3.37,16,0,12
2025-10-24 04:00:00,5.7,57.5,Fall,Night,6,4,15,0,2.38,4,4,10
2025-11-01 12:00:00,25.2,51.4,Fall,Afternoon,5,1,14,1,2.89,12,5,11
2025-08-25 16:00:00,31.8,69.5,Summer,Afternoon,7,2,20,0,6.79,16,0,8
2024-04-10 04:00:00,13.1,53.2,Spring,Night,5,1,18,0,1.49,4,2,4
2024-03-29 08:00:00,13.7,59.7,Spring,Morning,3,1,11,0,2.08,8,4,3
2024-07-29 12:00:00,31.5,75.2,Summer,Afternoon,4,3,12,0,3.65,12,0,7
2026-03-13 12:00:00,16.7,58.6,Spring,Afternoon,4,0,16,0,1.61,12,4,3
2025-10-09 08:00:00,14.6,59.6,Fall,Morning,6,1,15,0,3.24,8,3,10
2024-05-14 16:00:00,21.3,53.8,Spring,Afternoon,6,4,19,0,2.22,16,1,5
2025-01-26 04:00:00,-3.7,42.0,Winter,Night,4,1,12,1,5.07,4,6,1
2024-06-22 00:00:00,17.3,71.8,Summer,Night,5,4,13,1,1.73,0,5,6
2025-07-01 00:00:00,23.2,65.3,Summer,Night,4,1,12,0,1.48,0,1,7
2025-05-26 20:00:00,17.0,61.8,Spring,Evening,2,1,9,0,1.66,20,0,5
2024-02-24 00:00:00,7.1,39.1,Winter,Night,4,2,15,1,3.57,0,5,2
2025-01-14 12:00:00,11.4,32.2,Winter,Afternoon,6,2,20,0,4.57,12,1,1
2024-02-27 00:00:00,1.9,44.8,Winter,Night,4,1,11,0,3.02,0,1,2
2024-08-28 20:00:00,20.2,69.4,Summer,Evening,5,2,13,0,4.36,20,2,8
2025-10-07 20:00:00,13.9,60.3,Fall,Evening,6,4,16,0,5.74,20,1,10
2024-09-29 00:00:00,11.6,56.4,Fall,Night,8,4,20,1,2.9,0,6,9
2024-08-05 04:00:00,26.8,64.3,Summer,Night,6,2,20,0,2.78,4,0,8
2024-02-29 16:00:00,13.0,31.7,Winter,Afternoon,1,0,7,0,1.37,16,3,2
2025-11-26 16:00:00,19.2,59.0,Fall,Afternoon,7,2,20,0,2.64,16,2,11
2024-09-11 12:00:00,24.7,45.8,Fall,Afternoon,5,1,13,0,2.16,12,2,9
2025-02-05 12:00:00,8.9,45.1,Winter,Afternoon,6,2,17,0,4.69,12,2,2
2024-02-10 00:00:00,0.9,43.3,Winter,Night,4,2,13,1,4.69,0,5,2
2024-08-30 04:00:00,19.6,64.5,Summer,Night,8,4,17,0,2.06,4,4,8
2024-04-11 20:00:00,14.5,58.3,Spring,Evening,1,0,7,0,1.24,20,3,4
2024-07-18 08:00:00,27.7,66.2,Summer,Morning,4,2,15,0,5.4,8,3,7
2025-12-17 00:00:00,2.9,41.0,Winter,Night,6,1,17,0,4.27,0,2,12
2025-10-12 16:00:00,21.0,46.1,Fall,Afternoon,4,1,15,1,2.43,16,6,10
2024-08-17 16:00:00,35.7,63.9,Summer,Afternoon,6,4,15,1,7.31,16,5,8
2025-11-21 16:00:00,22.5,51.1,Fall,Afternoon,6,2,20,0,2.9,16,4,11
2024-09-10 12:00:00,22.6,43.8,Fall,Afternoon,7,4,17,0,2.62,12,1,9
2024-12-23 00:00:00,0.3,41.9,Winter,Night,8,4,18,0,5.34,0,0,12
2025-12-10 16:00:00,7.1,35.2,Winter,Afternoon,8,4,18,0,5.65,16,2,12
2024-03-06 04:00:00,8.7,58.7,Spring,Night,4,2,11,0,1.19,4,2,3
2025-10-13 08:00:00,14.8,56.2,Fall,Morning,5,1,14,0,2.76,8,0,10
2024-10-20 12:00:00,20.3,48.0,Fall,Afternoon,4,2,11,1,1.68,12,6,10
2025-01-21 04:00:00,-4.2,43.8,Winter,Night,7,2,20,0,7.29,4,1,1
2025-01-17 08:00:00,6.1,41.7,Winter,Morning,4,3,12,0,6.49,8,4,1
2024-11-04 04:00:00,5.0,57.0,Fall,Night,7,4,20,0,3.02,4,0,11
2024-06-24 00:00:00,22.3,72.1,Summer,Night,5,3,13,0,1.57,0,0,6
2025-09-28 08:00:00,18.1,48.7,Fall,Morning,3,0,9,1,1.64,8,6,9
2025-10-28 16:00:00,20.1,54.5,Fall,Afternoon,3,0,13,0,1.55,16,1,10
2024-12-09 04:00:00,0.2,50.2,Winter,Night,3,2,10,0,3.06,4,0,12
2024-07-21 00:00:00,22.5,71.4,Summer,Night,8,4,20,1,3.0,0,6,7
2026-01-19 08:00:00,6.0,41.7,Winter,Morning,3,1,9,0,4.44,8,0,1
2026-01-28 12:00:00,13.2,30.0,Winter,Afternoon,7,3,17,0,3.71,12,2,1
2025-11-08 08:00:00,18.6,49.2,Fall,Morning,4,3,13,1,3.48,8,5,11
2024-12-16 04:00:00,2.9,46.3,Winter,Night,3,1,9,0,2.43,4,0,12
2025-01-06 00:00:00,0.9,39.7,Winter,Night,8,4,20,0,6.05,0,0,1
2024-12-02 08:00:00,4.4,36.0,Winter,Morning,2,1,10,0,5.13,8,0,12
2025-11-24 20:00:00,18.3,57.4,Fall,Evening,1,0,7,0,1.08,20,0,11
2025-10-16 04:00:00,13.6,45.2,Fall,Night,9,4,20,0,2.08,4,3,10
2024-03-09 12:00:00,17.1,54.6,Spring,Afternoon,7,3,20,1,2.55,12,5,3
2024-01-03 12:00:00,10.0,33.1,Winter,Afternoon,9,4,20,0,5.67,12,2,1
2024-09-10 20:00:00,13.5,51.0,Fall,Evening,5,3,13,0,4.25,20,1,9
2025-06-12 08:00:00,28.3,76.3,Summer,Morning,4,3,16,0,6.54,8,3,6
2025-06-29 00:00:00,21.1,70.2,Summer,Night,3,2,13,1,1.52,0,6,6
2024-06-29 04:00:00,25.7,65.3,Summer,Night,5,2,13,1,2.5,4,5,6
2025-05-02 12:00:00,20.5,48.1,Spring,Afternoon,4,3,12,0,1.45,12,4,5
2026-02-25 20:00:00,0.1,38.4,Winter,Evening,6,2,17,0,16.04,20,2,2
2024-09-12 04:00:00,2.4,50.8,Fall,Night,3,0,10,0,1.61,4,3,9
2025-10-27 12:00:00,19.7,49.6,Fall,Afternoon,6,1,15,0,2.05,12,0,10
2025-06-18 16:00:00,29.4,70.1,Summer,Afternoon,6,4,18,0,4.93,16,2,6
2024-07-30 08:00:00,28.1,70.1,Summer,Morning,7,3,20,0,8.94,8,1,7
2025-09-21 16:00:00,18.5,54.5,Fall,Afternoon,8,3,20,1,3.01,16,6,9
2025-10-29 12:00:00,19.0,56.4,Fall,Afternoon,4,0,14,0,1.55,12,2,10
2025-12-08 04:00:00,2.3,47.7,Winter,Night,6,3,14,0,3.83,4,0,12
2024-12-25 00:00:00,-7.1,42.5,Winter,Night,7,2,20,0,9.01,0,2,12
2025-05-03 12:00:00,21.2,53.6,Spring,Afternoon,7,4,20,1,2.78,12,5,5
2024-11-12 00:00:00,14.8,58.2,Fall,Night,4,2,15,0,1.27,0,1,11
2026-03-19 08:00:00,12.6,63.0,Spring,Morning,1,0,7,0,1.23,8,3,3
2025-11-18 12:00:00,23.6,54.3,Fall,Afternoon,6,2,20,0,3.09,12,1,11
2025-05-16 12:00:00,14.6,49.3,Spring,Afternoon,7,3,19,0,2.25,12,4,5
2024-12-16 20:00:00,-0.8,39.3,Winter,Evening,6,4,14,0,16.53,20,0,12
2024-11-05 04:00:00,15.2,54.5,Fall,Night,8,4,20,0,1.79,4,1,11
2025-09-29 00:00:00,11.2,50.5,Fall,Night,6,3,14,0,1.62,0,0,9
2024-02-26 00:00:00,4.9,42.7,Winter,Night,8,4,20,0,4.82,0,0,2
2025-11-25 16:00:00,18.1,49.2,Fall,Afternoon,4,0,15,0,1.71,16,1,11
2025-04-13 00:00:00,6.5,60.2,Spring,Night,4,2,15,1,2.12,0,6,4
2024-11-11 20:00:00,18.9,61.6,Fall,Evening,4,2,15,0,3.28,20,0,11
2025-07-07 00:00:00,18.7,64.7,Summer,Night,5,1,13,0,1.43,0,0,7
2025-04-07 20:00:00,11.0,48.6,Spring,Evening,6,4,20,0,6.18,20,0,4
2024-07-04 12:00:00,30.2,71.8,Summer,Afternoon,2,0,9,0,2.39,12,3,7
2025-05-27 04:00:00,10.4,58.4,Spring,Night,4,1,11,0,1.13,4,1,5
2025-12-20 16:00:00,11.0,32.6,Winter,Afternoon,3,2,9,1,2.61,16,5,12
2024-03-01 16:00:00,26.5,53.8,Spring,Afternoon,7,4,20,0,3.16,16,4,3
2025-05-19 00:00:00,6.8,58.9,Spring,Night,7,3,17,0,2.17,0,0,5
2024-04-02 04:00:00,10.1,49.0,Spring,Night,4,0,13,0,1.29,4,1,4
2024-01-04 08:00:00,3.5,32.9,Winter,Morning,8,4,20,0,15.53,8,3,1
2025-05-29 12:00:00,14.0,51.8,Spring,Afternoon,3,1,11,0,1.14,12,3,5
2025-07-09 20:00:00,24.8,77.5,Summer,Evening,4,1,12,0,4.8,20,2,7
2025-03-28 04:00:00,15.9,58.9,Spring,Night,6,4,18,0,1.51,4,4,3
2025-05-22 08:00:00,10.2,64.0,Spring,Morning,5,0,19,0,3.89,8,3,5
2025-06-26 00:00:00,19.0,81.4,Summer,Night,7,3,20,0,1.97,0,3,6
2024-09-20 04:00:00,14.5,51.4,Fall,Night,9,4,19,0,1.89,4,4,9
2025-05-31 12:00:00,21.6,62.2,Spring,Afternoon,4,3,13,1,1.87,12,5,5
2026-01-08 00:00:00,4.5,34.3,Winter,Night,7,2,20,0,4.72,0,3,1
2025-04-18 08:00:00,13.3,57.3,Spring,Morning,9,4,20,0,5.22,8,4,4
2026-01-14 12:00:00,8.8,37.0,Winter,Afternoon,6,1,19,0,5.57,12,2,1
2025-05-08 04:00:00,14.1,54.9,Spring,Night,3,0,9,0,0.74,4,3,5
2025-09-14 20:00:00,19.3,66.8,Fall,Evening,6,1,15,1,4.34,20,6,9
2025-10-05 20:00:00,15.8,59.8,Fall,Evening,1,0,7,1,1.34,20,6,10
2024-09-12 20:00:00,14.6,59.5,Fall,Evening,3,1,9,0,2.33,20,3,9
2025-08-07 16:00:00,32.0,71.4,Summer,Afternoon,4,1,13,0,3.86,16,3,8
2024-12-05 00:00:00,-3.5,40.7,Winter,Night,8,3,19,0,7.62,0,3,12
2025-11-08 00:00:00,7.4,57.7,Fall,Night,5,0,13,1,2.04,0,5,11
2025-05-26 00:00:00,12.2,50.2,Spring,Night,2,1,8,0,0.66,0,0,5
2025-08-24 00:00:00,18.6,87.7,Summer,Night,8,4,17,1,2.45,0,6,8
2026-04-08 20:00:00,18.6,55.5,Spring,Evening,8,4,20,0,5.24,20,2,4
2026-03-18 16:00:00,18.3,48.4,Spring,Afternoon,4,2,13,0,1.3,16,2,3
2025-10-08 12:00:00,17.9,57.7,Fall,Afternoon,2,1,8,0,0.9,12,2,10
2024-12-20 12:00:00,5.9,45.7,Winter,Afternoon,3,0,9,0,3.03,12,4,12
2024-04-29 12:00:00,21.4,45.9,Spring,Afternoon,6,1,20,0,2.58,12,0,4
2024-11-18 16:00:00,18.9,46.9,Fall,Afternoon,4,0,12,0,1.54,16,0,11
2025-03-01 12:00:00,12.0,61.4,Spring,Afternoon,3,2,10,1,1.63,12,5,3
2026-02-09 12:00:00,13.9,30.8,Winter,Afternoon,6,4,18,0,3.6,12,0,2
2024-11-21 20:00:00,15.2,57.9,Fall,Evening,6,2,16,0,4.16,20,3,11
2025-10-23 20:00:00,16.1,54.7,Fall,Evening,7,3,17,0,5.04,20,3,10
2024-02-24 12:00:00,10.1,39.1,Winter,Afternoon,4,3,16,1,4.86,12,5,2
2026-03-14 16:00:00,17.9,51.5,Spring,Afternoon,3,0,10,1,1.2,16,5,3
2024-06-11 16:00:00,31.8,72.8,Summer,Afternoon,4,0,14,0,4.11,16,1,6
2025-07-13 16:00:00,32.5,66.0,Summer,Afternoon,7,3,17,1,6.78,16,6,7
2024-09-02 12:00:00,17.1,46.5,Fall,Afternoon,6,3,16,0,2.06,12,0,9
2026-03-12 20:00:00,19.8,41.9,Spring,Evening,8,3,18,0,4.73,20,3,3
2025-04-01 04:00:00,11.7,59.5,Spring,Night,4,2,15,0,1.36,4,1,4
2024-05-22 16:00:00,21.6,46.4,Spring,Afternoon,4,2,15,0,1.93,16,2,5
2025-10-01 08:00:00,13.0,56.6,Fall,Morning,8,4,20,0,6.07,8,2,10
2025-04-02 08:00:00,17.3,60.9,Spring,Morning,5,0,13,0,1.93,8,2,4
2025-12-13 12:00:00,7.2,43.9,Winter,Afternoon,6,3,20,1,7.29,12,5,12
2024-12-24 12:00:00,11.4,40.5,Winter,Afternoon,2,0,10,0,2.29,12,1,12
2024-06-03 20:00:00,20.9,72.1,Summer,Evening,3,2,13,0,4.24,20,0,6
2024-05-01 00:00:00,8.7,50.8,Spring,Night,3,2,9,0,0.97,0,2,5
2026-01-21 12:00:00,12.8,41.0,Winter,Afternoon,1,0,7,0,1.3,12,2,1
2024-09-18 08:00:00,12.1,54.2,Fall,Morning,6,4,18,0,5.2,8,2,9
2025-05-04 16:00:00,17.0,49.4,Spring,Afternoon,3,2,12,1,1.53,16,6,5
2024-08-16 12:00:00,29.2,70.3,Summer,Afternoon,7,2,20,0,5.48,12,4,8
2024-10-02 00:00:00,11.5,57.1,Fall,Night,5,4,13,0,1.52,0,2,10
2025-11-22 16:00:00,21.6,61.2,Fall,Afternoon,6,1,20,1,3.03,16,5,11
2024-04-19 04:00:00,8.8,51.5,Spring,Night,5,1,14,0,1.74,4,4,4
2025-05-11 12:00:00,19.5,49.5,Spring,Afternoon,7,4,20,1,2.78,12,6,5
2025-08-31 00:00:00,23.6,72.2,Summer,Night,3,1,9,1,1.36,0,6,8
2024-04-03 20:00:00,14.6,51.0,Spring,Evening,5,3,12,0,3.14,20,2,4
2026-02-05 00:00:00,1.5,42.1,Winter,Night,7,2,20,0,6.2,0,3,2
2025-11-16 16:00:00,13.5,51.9,Fall,Afternoon,2,0,8,1,1.36,16,6,11
2025-07-08 12:00:00,35.1,62.6,Summer,Afternoon,7,2,16,0,7.31,12,1,7
2025-09-13 12:00:00,14.3,41.0,Fall,Afternoon,7,2,20,1,3.56,12,5,9
2025-03-11 20:00:00,16.9,50.3,Spring,Evening,6,2,18,0,4.18,20,1,3
2025-12-29 00:00:00,-9.0,36.1,Winter,Night,8,4,20,0,9.59,0,0,12
2025-11-29 20:00:00,15.5,61.0,Fall,Evening,7,3,18,1,6.0,20,5,11
2025-12-27 08:00:00,8.2,34.9,Winter,Morning,7,3,18,1,12.54,8,5,12
2024-10-28 16:00:00,17.4,51.9,Fall,Afternoon,6,2,20,0,2.33,16,0,10
2025-08-23 00:00:00,21.6,67.7,Summer,Night,7,2,20,1,3.1,0,5,8
2025-09-21 00:00:00,12.5,53.3,Fall,Night,3,2,10,1,1.11,0,6,9
2024-05-22 00:00:00,7.6,58.1,Spring,Night,4,2,15,0,1.51,0,2,5
2024-09-16 20:00:00,18.2,59.6,Fall,Evening,2,1,9,0,1.84,20,0,9
2024-10-14 00:00:00,12.6,48.5,Fall,Night,3,0,13,0,1.15,0,0,10
2024-02-02 04:00:00,-2.3,41.7,Winter,Night,6,1,19,0,6.05,4,4,2
